回,問番号,科目,テーマ,テーマ出題数_10年,テーマ出題回数_10年,設問形式,計算問題,図構造式,選択肢数,問題文字数,問題文,選択肢1,選択肢2,選択肢3,選択肢4,選択肢5,正答,正答率,類題
102,1,物理,分析の基礎・バリデーション,10,6,肯定形,,,5,23,次の関係式のうち、正しいのはどれか。1つ選べ。,1kHz ＝ 1× 10□Hz,1nm ＝ 1× 10□□m,1ppm ＝ 1× 10□□％,1μg ＝ 1× 10□□g,1w/v％ ＝ 1× 10□g/L,2,,103-5 105-1 105-3 105-4 106-2 106-3 108-3 108-5 111-5
102,2,物理,電気化学・分子間相互作用,7,5,肯定形,,○,,194,陽イオン、陰イオンが水和している状態を最も適切に表しているのはどれか。1つ選べ。 H H O H H O 陽イオン O H H O O H H O H H H H H O H H O H H H O 陰イオン H H O O H H O H H H O H H O H H H O H H O O H H O H H H O H H O H H H O H O H H O H H H O,,,,,,2,,104-4 106-4 106-5 109-1 109-2 110-1
102,3,物理,放射化学,4,3,肯定形,,,5,36,α壊変により放出される α粒子はどの元素の原子核に相当するか。1つ選べ。,□H,□He,□Li,□□B,□□C □ 1□,2,,104-1 104-5 109-3
102,4,物理,容量分析・日局一般試験法,5,5,肯定形,○,,5,53,日本薬局方において、容量分析用標準液のファクター f は、通例どの範囲にあるように調製されるか。1つ選べ。,0.850〜1.150,0.900〜1.100,0.950〜1.050,0.970〜1.030,0.990〜1.010,4,,104-2 105-2 106-1 108-4
102,5,物理,反応速度論,2,2,肯定形,,,5,20,酵素反応速度を表す式はどれか。1つ選べ。,ミカエリス・メンテンの式,ファントホッフの式,ヤングの式,ブラッグの式,ストークスの式,1,,111-3
102,6,化学,未分類,6,6,肯定形,,○,,143,シスプラチン（(SP-4-2)-Diamminedichloroplatinum）はどれか。1つ選べ。 Cl OH2 Pt Cl OH2 Cl NH3 Pt Cl NH3 HO H2 N Pt HO N H2 Cl NH3 Pt H3N Cl HO NH3 Pt OH H3N □ 2□,,,,,,1,,104-10 106-6 108-7 109-8 110-9
102,7,化学,立体化学,7,7,肯定形,,○,,59,キラルな化合物はどれか。1つ選べ。 Br Cl Br Br Br H Br H Br H Br H Br H H Br,,,,,,4,,103-7 104-8 105-9 106-8 107-8 108-9
102,8,化学,有機反応,6,5,肯定形,,○,,156,ラジカル中間体を経る反応はどれか。1つ選べ。 H3C CH3 OH CH3 HBr H3C CH3 Br CH3 H3C CH3 Cl CH3 NaOH H2C CH3 CH3 O Br N O 光照射 NaOH CH3 H3C l ＋ O O CH3 CH2 CH2Br H3C OH O O CH3 □ 3□,,,,,,3,,105-6 106-7 106-9 109-9 111-7
102,9,化学,医薬品の構造,4,4,肯定形,,○,,74,オゾン（O□）の構造式として最もふさわしいのはどれか。1つ選べ。 O ＋ O − O ＋ O O − O O O O − O O − O O O O,,,,,,1,,103-6 105-8 108-6
102,10,化学,酸塩基性・官能基,5,5,肯定形,,○,,130,次のアミノ酸のうち、破線で囲んだ部分の塩基性が最も強いのはどれか。1つ選べ。 HO2C CO2H H NH2 NH H H2N N CO2H H NH2 O H2N CO2H H NH2 N H CO2H H NH2 N CO2H H NH2 N H □ 4□,,,,,,2,,103-10 104-7 110-8 111-6
102,11,生物,人体の構造と機能,13,8,肯定形,,○,,46,下図はヒトの消化器系の模式図である。１〜５のうち、直腸はどれか。1つ選べ。肝臓胆のう膵臓肛門,,,,,,5,,103-11 104-11 104-12 105-11 105-14 108-11 108-12 109-11 109-12 109-14 110-11 111-11
102,12,生物,未分類,6,5,肯定形,,,,75,ω６系列（n-6系列）の脂肪酸はどれか。1つ選べ。 H3C H3C H3C H3C H3C CO2H CO2H CO2H CO2H CO2H □ 5□,,,,,,4,,103-12 105-12 106-11 106-13 110-12
102,13,生物,遺伝子・分子生物学,10,6,肯定形,,,5,54,真核細胞での mRNA のプロセシングによる成熟過程において、イントロンの除去に関わるのはどれか。1つ選べ。,スプライソソーム,ヌクレオソーム,オートファゴソーム,プロテアソーム,リソソーム,1,,103-13 104-13 104-14 107-13 107-14 110-13 110-14 110-15 111-15
102,14,生物,微生物,4,4,肯定形,,,5,26,真菌に関する記述のうち、正しいのはどれか。1つ選べ。,ミトコンドリアをもたない。,エルゴステロールを含む細胞膜をもつ。,葉緑体をもつ。,細胞壁をもたない。,原核生物に分類される。,2,,106-15 107-15 111-14
102,15,生物,免疫,8,7,肯定形,,○,5,34,初回の免疫により最も早期に分泌される抗体のクラスはどれか。1つ選べ。,IgA,IgD,IgE,IgG,IgM □ 6□,5,,103-14 104-15 105-15 108-13 108-15 109-15 111-13
102,16,衛生,食中毒・食品衛生,19,9,肯定形,,,,57,リノール酸において、変質の開始反応となる水素の引き抜きが最も起こりやすい部位はどこか。1つ選べ。 H3C CO2H,,,,,,3,,102-17 102-18 103-17 103-18 104-16 104-17 105-16 105-18 107-17 107-18 107-20 108-18 108-19 108-20 109-20 110-19 110-20 111-21
102,17,衛生,食中毒・食品衛生,19,9,肯定形,,,5,45,フェニルケトン尿症患者が摂取しないように気をつける必要のある食品添加物はどれか。1つ選べ。,アスパルテーム,アセスルファムカリウム,キシリトール,サッカリン,スクラロース,1,,102-16 102-18 103-17 103-18 104-16 104-17 105-16 105-18 107-17 107-18 107-20 108-18 108-19 108-20 109-20 110-19 110-20 111-21
102,18,衛生,食中毒・食品衛生,19,9,肯定形,,,5,43,ブタのレバーを生で食べることにより感染するリスクが最も高いウイルスはどれか。1つ選べ。,Ａ型肝炎ウイルス,Ｂ型肝炎ウイルス,Ｃ型肝炎ウイルス,Ｅ型肝炎ウイルス,ノロウイルス □ 7□,4,,102-16 102-17 103-17 103-18 104-16 104-17 105-16 105-18 107-17 107-18 107-20 108-18 108-19 108-20 109-20 110-19 110-20 111-21
102,19,衛生,感染症・予防接種,10,9,肯定形,,,5,43,母子感染する病原体のうち、新生児の心臓奇形と難聴のリスクを高めるのはどれか。1つ選べ。,ヒト T 細胞白血病ウイルス-1型（HTLV-1）,サイトメガロウイルス,風しんウイルス,トキソプラズマ原虫,梅毒トレポネーマ,3,,103-19 104-18 105-19 105-20 106-18 108-16 109-17 110-17 111-16
102,20,衛生,薬物乱用・依存,2,2,否定形,,,5,30,以下の疾患のうち生活習慣病に含まれないのはどれか。1つ選べ。,アルコール性肝疾患,脳血管疾患,歯周病,COPD（慢性閉塞性肺疾患),１型糖尿病,5,,107-21
102,21,衛生,化学物質の毒性・解毒,20,10,肯定形,,○,5,69,特殊健康診断で、作業者の尿中から下図の構造の物質が検出された。作業者が曝露されたと□えられる物質はどれか。1つ選べ。 H N CO2H O,アニリン,キシレン,スチレン,トルエン,ベンゼン □ 8□,4,,103-21 103-22 104-22 104-23 105-17 105-22 105-24 106-21 106-22 107-22 107-23 107-24 108-22 109-22 110-18 110-21 111-22 111-23 111-25
102,22,衛生,未分類,3,3,肯定形,,,5,45,生体内で起こる次の代謝反応のうち、シトクロム P450の寄与が小さいのはどれか。1つ選べ。,フェナセチンの O-脱アルキル化,N -アセチルアミノフルオレインの N -水酸化,パラチオンの酸化的脱硫化,四塩化炭素の還元的脱ハロゲン化,エタノールの酸化,5,,109-21 111-20
102,23,衛生,放射線・物理的環境要因,4,3,肯定形,,,5,37,赤外線の特徴や生体への影響に関する記述のうち、正しいのはどれか。1つ選べ。,紫外線に比べ、皮膚における透過性が低い。,可視光線に比べ、波長が短い。,ガラス工などの高温作業従事者における白内障の原因となる。,日焼けによる色素沈着の原因となる。,遠赤外線は殺菌灯に用いられる。,3,,109-23 109-24 110-22
102,24,衛生,環境衛生,22,10,肯定形,,,5,46,アスマン通風乾湿計と乾カタ温度計のみを用いて測定できる室内空気環境の指標はどれか。1つ選べ。,必要換気量,気動,熱輻射,湿カタ冷却力,補正感覚温度,2,,102-25 103-24 103-25 104-21 104-24 104-25 105-25 106-23 106-24 106-25 107-25 108-17 108-23 108-24 108-25 109-18 109-25 110-23 110-24 110-25 111-24
102,25,衛生,環境衛生,22,10,否定形,,,5,44,環境基本法で規定された以下の公害のうち、環境基準が設定されていないのはどれか。1つ選べ。,大気汚染,悪臭,騒音,土壌汚染,水質汚濁 □ 9□,2,,102-24 103-24 103-25 104-21 104-24 104-25 105-25 106-23 106-24 106-25 107-25 108-17 108-23 108-24 108-25 109-18 109-25 110-23 110-24 110-25 111-24
102,26,薬理,薬理学総論,9,5,肯定形,,○,,238,受容体刺激薬（アゴニスト）の結合部位に不可逆的に結合する遮断薬（アンタゴニスト）を加えることにより、アゴニストの用量-反応曲線が点線Ａから実線Ｂ のように変化した。正しいのはどれか。1つ選べ。ただし、余剰受容体はないものとする。反応率 (％) A B 反応率 (％) B A アゴニスト (対数用量) アゴニスト (対数用量) 反応率 (％) B A 反応率 (％) B A アゴニスト (対数用量) アゴニスト (対数用量) 反応率 (％) B A アゴニスト (対数用量),,,,,,3,,104-26 104-29 104-37 105-26 105-34 105-39 106-26 110-30
102,27,薬理,自律神経作用薬,38,10,肯定形,,,5,22,Ｇタンパク質共役型受容体はどれか。1つ選べ。,心房性ナトリウム利尿ペプチド（ANP）受容体,ストリキニーネ感受性グリシン受容体,ニコチン性アセチルコリン受容体,ヒスタミン H□受容体,インスリン受容体 □ 10□,4,,102-29 103-26 103-28 103-29 103-30 104-27 104-28 104-33 104-40 105-28 105-29 105-37 106-27 106-28 106-35 106-40 107-26 107-27 107-28 107-29 108-27 108-28 108-34 108-36 108-40 109-26 109-27 109-34 109-35 110-26 110-27 110-28 110-29 110-31 111-26 111-33 111-35
102,28,薬理,循環器作用薬,15,9,肯定形,,,5,43,シルデナフィルと硝酸薬の併用により増加し、血圧降下の主因となる物質はどれか。1つ選べ。,サイクリック AMP,サイクリック GM P,一酸化窒素（NO),イノシトール三リン酸（IP□),ジアシルグリセロール,2,,102-31 102-32 103-34 103-35 104-31 106-33 107-33 107-35 108-31 108-32 109-31 109-33 110-34 111-32
102,29,薬理,自律神経作用薬,38,10,肯定形,,,5,26,ナファゾリンの充血除去作用の機序はどれか。1つ選べ。,アドレナリン α□受容体刺激,アドレナリン α□受容体遮断,アドレナリン β□受容体刺激,アドレナリン β□受容体遮断,アドレナリン β□受容体刺激,1,,102-27 103-26 103-28 103-29 103-30 104-27 104-28 104-33 104-40 105-28 105-29 105-37 106-27 106-28 106-35 106-40 107-26 107-27 107-28 107-29 108-27 108-28 108-34 108-36 108-40 109-26 109-27 109-34 109-35 110-26 110-27 110-28 110-29 110-31 111-26 111-33 111-35
102,30,薬理,中枢神経作用薬,25,9,肯定形,,,5,39,GABA トランスアミナーゼを阻害し、抗てんかん作用を示すのはどれか。つ選べ。,ガバペンチン,エトスクシミド,ジアゼパム,ゾニサミド,バルプロ酸,5,,103-27 103-31 103-32 103-33 103-36 104-30 104-32 104-34 105-27 105-30 105-31 105-32 106-29 106-30 106-36 107-30 109-28 110-32 110-36 111-27 111-28 111-29 111-30 111-31
102,31,薬理,循環器作用薬,15,9,肯定形,,,5,35,Ca□□チャネル遮断作用により効果を示す抗不整脈薬はどれか。1つ選べ。,ソタロール,ベラパミル,リドカイン,ニフェカラント,ピルシカイニド □ 11□,2,,102-28 102-32 103-34 103-35 104-31 106-33 107-33 107-35 108-31 108-32 109-31 109-33 110-34 111-32
102,32,薬理,循環器作用薬,15,9,肯定形,,,5,51,K□チャネル開口作用と分子内からの一酸化窒素（NO）遊離作用を併せもつ狭心症治療薬はどれか。1つ選べ。,ニコランジル,ベプリジル,ミノキシジル,グリベンクラミド,硝酸イソソルビド,1,,102-28 102-31 103-34 103-35 104-31 106-33 107-33 107-35 108-31 108-32 109-31 109-33 110-34 111-32
102,33,薬理,内分泌・代謝薬,24,9,肯定形,,,5,33,トリクロルメチアジドにより血中濃度が低下するのはどれか。1つ選べ。,Ca□□,Na□,低密度リポタンパク質コレステロール（LDL-C),尿酸,グルコース,2,,102-35 102-36 103-37 103-38 103-39 105-36 105-38 106-31 106-32 106-34 106-37 107-32 107-38 107-39 108-37 108-38 108-39 109-36 109-37 110-37 111-37 111-38 111-40
102,34,薬理,未分類,9,6,肯定形,,,5,57,カテコール-O-メチルトランスフェラーゼ（COMT）を阻害し、Oddi括約筋を弛緩させる排胆薬はどれか。1つ選べ。,ポリエンホスファチジルコリン,グリチルリチン,ウルソデオキシコール酸,パパベリン,フロプロピオン,5,,104-35 105-33 107-34 107-40 108-26 109-30 109-32 109-38
102,35,薬理,内分泌・代謝薬,24,9,肯定形,,,5,28,ビルダグリプチンの血糖降下作用の機序はどれか。1つ選べ。,α-グルコシダーゼ阻害,ATP 感受性 K□チャネル遮断,アルドース還元酵素阻害,ジペプチジルペプチダーゼ-4（DPP-4）阻害,グリコーゲン合成酵素阻害 □ 12□,4,,102-33 102-36 103-37 103-38 103-39 105-36 105-38 106-31 106-32 106-34 106-37 107-32 107-38 107-39 108-37 108-38 108-39 109-36 109-37 110-37 111-37 111-38 111-40
102,36,薬理,内分泌・代謝薬,24,9,肯定形,,,5,21,チアマゾールの作用機序はどれか。1つ選べ。,甲状腺ホルモン受容体遮断,甲状腺ペルオキシダーゼ阻害,甲状腺刺激ホルモン（TSH）受容体遮断,副甲状腺ホルモン（パラトルモン）分泌抑制,カルシトニン分泌抑制,2,,102-33 102-35 103-37 103-38 103-39 105-36 105-38 106-31 106-32 106-34 106-37 107-32 107-38 107-39 108-37 108-38 108-39 109-36 109-37 110-37 111-37 111-38 111-40
102,37,薬理,血液・造血薬,5,5,肯定形,,,5,30,シロスタゾールの血小板凝集抑制作用の機序はどれか。1つ選べ。,プロスタノイド IP 受容体刺激,セロトニン5-HT□受容体遮断,シクロオキシゲナーゼ阻害,ホスホジエステラーゼ阻害,トロンボキサン合成酵素阻害,4,,104-36 108-33 110-35 111-34
102,38,薬理,炎症・アレルギー・免疫薬,5,4,肯定形,,,5,28,抗アレルギー薬エピナスチンの作用機序はどれか。1つ選べ。,ヒスタミン H□受容体遮断,トロンボキサン A□合成阻害,プロスタノイド TP 受容体遮断,プロスタグランジン E□合成阻害,プロスタノイド EP 受容体遮断,1,,104-38 108-29 108-30 109-29
102,39,薬理,抗菌・抗ウイルス・抗真菌薬,5,5,肯定形,,,5,22,ゲンタマイシンの作用機序はどれか。1つ選べ。,葉酸合成阻害,細胞壁合成阻害,タンパク質合成阻害,DNA 複製阻害,DNA から RNA への転写阻害 □ 13□,3,,104-39 109-39 110-39 111-39
102,40,薬理,抗がん薬・免疫,8,7,肯定形,,,5,26,抗腫瘍薬パクリタキセルの作用機序はどれか。1つ選べ。,DNA アルキル化,チューブリン脱重合阻害,アロマターゼ阻害,トポイソメラーゼ阻害,ピリミジン代謝阻害 □ 14□,2,,103-40 105-40 106-39 107-31 109-40 110-33 110-40
102,41,薬剤,排泄,7,7,肯定形,,,6,20,薬物の腸肝循環の経路はどれか。1つ選べ。,肝臓 → 門脈 → 胆管 → 腸管 → 肝臓,肝臓 → 門脈 → 腸管 → 胆管 → 肝臓,肝臓 → 胆管 → 門脈 → 腸管 → 肝臓,肝臓 → 胆管 → 腸管 → 門脈 → 肝臓,肝臓 → 腸管 → 門脈 → 胆管 → 肝臓6肝臓 → 腸管 → 胆管 → 門脈 → 肝臓,4,,104-45 106-45 107-46 108-45 109-45 110-45
102,42,薬剤,吸収・膜透過,28,10,肯定形,,,5,45,二次性能動輸送の駆動力となるイオン濃度勾配を形成する一次性能動輸送担体はどれか。1つ選べ。,"Na□,K□-ATPase",Na□/グルコース共輸送体,Na□/H□交換輸送体,P-糖タンパク質,H□/ペプチド共輸送体,1,,102-54 103-41 103-42 103-55 104-42 105-41 105-52 105-54 106-41 106-42 106-48 107-41 107-42 107-51 107-55 108-41 108-42 108-54 108-55 109-41 109-42 109-51 110-42 110-54 111-41 111-42 111-52
102,43,薬剤,代謝,14,10,肯定形,,○,,117,ヒドロキシ基を有する薬物（R-OH）のグルクロン酸抱合体を示す化学構造はどれか。1つ選べ。 O R O S OH O CO2H OH R O O HO OH O O R O CH3 O R CH3 O R H CO2H N □ 15□,,,,,,2,,103-44 103-45 104-44 104-55 105-43 105-44 106-44 107-44 108-44 108-47 109-44 110-44 111-44
102,44,薬剤,薬物動態パラメータ・計算,26,10,肯定形,○,○,,144,薬物を点滴静注したとき、定常状態における血中薬物濃度は2μg/mL であった。また、その時の尿中薬物濃度は200μg/mL であり、尿量は1mL/min であった。この薬物の腎クリアランス（mL/min）に最も近い値はどれか。1つ選べ。1 2 2 10 3 100 4 200 5 400,,,,,,3,,102-45 102-46 102-47 102-48 103-43 103-46 103-47 104-41 104-46 104-47 105-45 105-46 105-47 106-43 106-46 106-47 107-45 108-46 109-46 110-46 110-47 110-48 111-43 111-45 111-46
102,45,薬剤,薬物動態パラメータ・計算,26,10,肯定形,,,5,26,一般に、高齢者において増大するのはどれか。1つ選べ。,胃内容排出速度,血漿中アルブミン濃度,脂溶性薬物の体重あたりの分布容積,肝臓での薬物代謝活性,糸球体ろ過速度,3,,102-44 102-46 102-47 102-48 103-43 103-46 103-47 104-41 104-46 104-47 105-45 105-46 105-47 106-43 106-46 106-47 107-45 108-46 109-46 110-46 110-47 110-48 111-43 111-45 111-46
102,46,薬剤,薬物動態パラメータ・計算,26,10,肯定形,,,5,57,患者のクレアチニンクリアランスに基づいて投与設計が行われる治療薬物モニタリング（TDM）対象薬はどれか。1つ選べ。,テオフィリン,テイコプラニン,セファレキシン,シンバスタチン,リドカイン,2,,102-44 102-45 102-47 102-48 103-43 103-46 103-47 104-41 104-46 104-47 105-45 105-46 105-47 106-43 106-46 106-47 107-45 108-46 109-46 110-46 110-47 110-48 111-43 111-45 111-46
102,47,薬剤,薬物動態パラメータ・計算,26,10,肯定形,,,5,49,腎尿細管分泌過程に飽和がみられる薬物において、投与量の増大に伴い値が低下するのはどれか。1つ選べ。,血中濃度時間曲線下面積/投与量,腎クリアランス,消失半減期,平□滞留時間,血中非結合形分率 □ 16□,2,,102-44 102-45 102-46 102-48 103-43 103-46 103-47 104-41 104-46 104-47 105-45 105-46 105-47 106-43 106-46 106-47 107-45 108-46 109-46 110-46 110-47 110-48 111-43 111-45 111-46
102,48,薬剤,薬物動態パラメータ・計算,26,10,肯定形,,,,209,肝代謝と腎排泄により体内から消失する薬物について、全身クリアランス（CL□□□）、腎クリアランス（CL□）及び肝血流速度（Q□）から肝抽出率を算出する式はどれか。1つ選べ。 CL□□□ □□□ Q□ − CL□ CL□□□− CL□ □□□□□□□ Q□ Q□ □□□□□□□ CL□□□− CL□ 4 1− CL□□□− CL□ □□□□□□□ Q□ 5 1− Q□ □□□□□□□ CL□□□− CL□ □ 17□,,,,,,2,,102-44 102-45 102-46 102-47 103-43 103-46 103-47 104-41 104-46 104-47 105-45 105-46 105-47 106-43 106-46 106-47 107-45 108-46 109-46 110-46 110-47 110-48 111-43 111-45 111-46
102,49,薬剤,DDS・放出制御,7,5,肯定形,,○,5,160,下図のような拡散制御膜において、溶質分子が単位時間に透過する物質量と反比例の関係にあるのはどれか。1つ選べ。ドナー溶液膜レセプター溶液 □□□：ドナー溶液の濃度 □□：ドナー溶液と接する面の膜中濃度 □□：レセプター溶液と接する面の膜中濃度 □□□□：レセプター溶液の濃度 □□ □□□ 度濃の質溶 □□ □□□□ 厚さ,溶質の膜中での濃度差（C□− C□）,溶質の膜中での拡散係数,溶質の分配係数（C□/C□□）,膜の厚さ,膜の有効表面積,4,,106-55 109-55 110-53 110-55 111-54 111-55
102,50,薬剤,製剤材料の物性,35,10,肯定形,,,5,42,エマルションの分散媒と分散相の密度差により、分散相が浮上する現象はどれか。1つ選べ。,凝集,塩析,合一,クリーミング,ケーキング □ 18□,4,,102-51 102-52 102-53 103-48 103-49 103-51 103-54 104-50 104-51 104-53 104-54 105-48 105-50 106-49 106-50 106-52 107-48 107-49 108-49 108-50 108-52 108-53 109-49 109-50 109-52 109-53 110-49 110-50 110-51 110-52 111-48 111-49 111-50 111-51
102,51,薬剤,製剤材料の物性,35,10,肯定形,○,,5,42,以下のレオグラムのＡ点から求められるのはどれか。1つ選べ。度速断んせ A せん断応力,ヤング率,降伏値,チキソトロピー,動粘度,弾性率,2,,102-50 102-52 102-53 103-48 103-49 103-51 103-54 104-50 104-51 104-53 104-54 105-48 105-50 106-49 106-50 106-52 107-48 107-49 108-49 108-50 108-52 108-53 109-49 109-50 109-52 109-53 110-49 110-50 110-51 110-52 111-48 111-49 111-50 111-51
102,52,薬剤,製剤材料の物性,35,10,否定形,,,5,29,医薬品を造粒する目的として誤っているのはどれか。1つ選べ。,流動性の向上,含量□一性の改善,真密度の増大,充てん性の向上,発塵の防止,3,,102-50 102-51 102-53 103-48 103-49 103-51 103-54 104-50 104-51 104-53 104-54 105-48 105-50 106-49 106-50 106-52 107-48 107-49 108-49 108-50 108-52 108-53 109-49 109-50 109-52 109-53 110-49 110-50 110-51 110-52 111-48 111-49 111-50 111-51
102,53,薬剤,製剤材料の物性,35,10,肯定形,,,5,33,粉末Ｘ線回折測定法により評価される医薬品の物性はどれか。1つ選べ。,比表面積,空隙率,結晶性,吸湿性,旋光度,3,,102-50 102-51 102-52 103-48 103-49 103-51 103-54 104-50 104-51 104-53 104-54 105-48 105-50 106-49 106-50 106-52 107-48 107-49 108-49 108-50 108-52 108-53 109-49 109-50 109-52 109-53 110-49 110-50 110-51 110-52 111-48 111-49 111-50 111-51
102,54,薬剤,吸収・膜透過,28,10,肯定形,,,5,53,経口投与する固形製剤の著しい生物学的非同等性を防ぐことを目的として実施される一般試験法はどれか。1つ選べ。,制酸力試験法,製剤□一性試験法,崩壊試験法,溶出試験法,消化力試験法 □ 19□,4,,102-42 103-41 103-42 103-55 104-42 105-41 105-52 105-54 106-41 106-42 106-48 107-41 107-42 107-51 107-55 108-41 108-42 108-54 108-55 109-41 109-42 109-51 110-42 110-54 111-41 111-42 111-52
102,55,薬剤,製剤各論・製剤総則,13,8,肯定形,,,5,29,腸溶性製剤に関する記述のうち、適切なのはどれか。1つ選べ。,有効成分の血液中での分解を防ぐことができる。,有効成分の胃に対する刺激作用を低減できる。,体温によって溶融し、薬物を放出する。,ペプシン分解性の基剤でコーティングされている。,即放性製剤に分類される。 □ 20□,2,,103-50 103-52 103-53 104-49 104-52 105-53 106-53 106-54 107-52 107-53 109-54 111-53
102,56,病態・薬物治療,がん,13,9,肯定形,,○,5,27,乳がんの腫瘍マーカーとして有用なのはどれか。1つ選べ。,CA 15-3（carbohydrate antigen 15-3）,CYFRA 21-1（cytokeratin 19 fragment）,NSE（neuron specific enolase）,SCC（squamous cell carcinoma related antigen）,PIVKA- （protein induced by vitamin K absence or antagonist- ）,1,,102-63 102-66 103-56 104-59 104-65 105-57 105-59 106-67 107-67 108-56 110-68 111-67
102,57,病態・薬物治療,循環器疾患,14,6,肯定形,,,5,32,閉塞性動脈硬化症に関する記述のうち、正しいのはどれか。1つ選べ。,若い女性に好発する。,間欠性跛行が特徴的症状である。,上肢の動脈に多発する。,血管炎を伴う。,患肢に熱感がある。,2,,102-60 102-69 104-60 105-56 105-63 108-59 108-61 108-63 108-68 110-56 110-59 111-58 111-68
102,58,病態・薬物治療,免疫・膠原病・血液疾患,8,8,肯定形,,,5,26,汎血球減少症を呈する代表的な疾患はどれか。1つ選べ。,溶血性貧血,鉄欠乏性貧血,腎性貧血,再生不良性貧血,播種性血管内凝固症候群,4,,103-64 105-65 106-61 107-56 108-57 109-60 111-66
102,59,病態・薬物治療,代謝・内分泌疾患,15,7,肯定形,,,5,34,インスリン分泌を促進し、食後高血糖を改善する薬物はどれか。1つ選べ。,メトホルミン塩酸塩,ピオグリタゾン塩酸塩,ナテグリニド,ボグリボース,イプラグリフロジン L-プロリン □ 21□,3,,103-59 103-63 103-65 106-60 107-65 109-58 109-62 109-64 109-65 110-62 110-63 111-56 111-62 111-63
102,60,病態・薬物治療,循環器疾患,14,6,肯定形,,,5,26,パーキンソン病患者に特徴的な症状はどれか。1つ選べ。,躁状態,下痢,高血圧,上肢の筋弛緩,すくみ足,5,,102-57 102-69 104-60 105-56 105-63 108-59 108-61 108-63 108-68 110-56 110-59 111-58 111-68
102,61,病態・薬物治療,精神・神経疾患,16,8,肯定形,,,5,34,状況にかかわりなく漫然とした不安が持続する神経症はどれか。1つ選べ。,広場恐怖,強迫性障害,外傷後ストレス障害（PTSD),全般性不安障害,社会不安障害,4,,103-60 104-61 104-62 105-62 106-58 106-59 106-64 107-58 107-59 107-60 107-61 107-62 109-56 109-57 110-60
102,62,病態・薬物治療,呼吸器・アレルギー疾患,12,7,肯定形,,,5,34,アトピー性皮膚炎に関する記述のうち、最も適切なのはどれか。1つ選べ。,皮膚のバリア機能が亢進している。,対症療法が治療の中心となる。,湿疹は左右非対称にみられる。,おもに型アレルギーが関与している。,抗ヒスタミン薬が第１選択薬である。,2,,103-61 103-62 104-64 104-69 105-61 105-64 105-70 107-66 108-64 110-61 110-67
102,63,病態・薬物治療,がん,13,9,肯定形,,,5,37,がん性疼痛の病態及び薬物治療に関する記述のうち、正しいのはどれか。つ選べ。,速放性製剤のレスキュー投与は、突出痛に対して用いられる。,WHO方式がん疼痛治療法では、痛むときに素早く鎮痛薬を投与することを基本とする。,骨転移による限局的な鋭い痛みのほとんどは、神経障害性疼痛に分類される。,軽度の痛みであっても、アセトアミノフェンは用いない。,口腔粘膜吸収フェンタニル製剤は、過量投与による呼吸抑制を起こさない。 □ 22□,1,,102-56 102-66 103-56 104-59 104-65 105-57 105-59 106-67 107-67 108-56 110-68 111-67
102,64,病態・薬物治療,感染症,12,8,肯定形,,,5,36,単純ヘルペスウイルス感染症に関する記述のうち、正しいのはどれか。つ選べ。,性器感染の多くは、HSV-1による。,免疫機能亢進時に発症する。,性器ヘルペスは、性交の翌日に好発する。,成人の口唇ヘルペスの多くは、ウイルスの再活性化により発症する。,確定診断は、細胞診により行う。,4,,102-65 104-63 104-66 105-67 106-65 106-66 108-67 109-67 110-65 110-70 111-61
102,65,病態・薬物治療,感染症,12,8,肯定形,,,5,33,ウイルス性肝炎に関する記述のうち、最も適切なのはどれか。1つ選べ。,Ａ型は多くが慢性化しやすい。,Ｂ型は経口感染である。,Ｃ型は血液感染である。,Ｂ型は RNA ウイルスが原因である。,Ｃ型は DNA ウイルスが原因である。,3,,102-64 104-63 104-66 105-67 106-65 106-66 108-67 109-67 110-65 110-70 111-61
102,66,病態・薬物治療,がん,13,9,肯定形,,,5,29,後発医薬品の承認申請資料として必要なのはどれか。1つ選べ。,加速試験に関する資料,効力を裏付ける試験に関する資料,副次的薬理・安全性薬理に関する資料,反復投与毒性に関する資料,がん原性に関する資料 □ 23□,1,,102-56 102-63 103-56 104-59 104-65 105-57 105-59 106-67 107-67 108-56 110-68 111-67
102,67,病態・薬物治療,医薬品情報・EBM,11,7,肯定形,,,5,35,□患者向医薬品ガイド」に関する記述のうち、正しいのはどれか。1つ選べ。,厚生労働省が作成している。,処方箋医薬品では、すべての品目で作成される。,一般用医薬品についても作成されている。,PM DA の医薬品医療機器情報提供ホームページに掲載されている。,別名「くすりのしおり」ともよばれる。,4,,103-66 104-67 104-68 104-70 107-68 107-69 109-68 109-70 110-69 111-70
102,68,病態・薬物治療,臨床統計・研究デザイン,8,7,肯定形,,,5,28,t 分布に関する記述のうち、正しいのはどれか。1つ選べ。,平□値に対して左右非対称の分布である。,平□値は１である。,ガウス分布ともよばれる。,母集団の標準偏差が未知のときの統計解析に使用される。,順序尺度データの統計解析に使用される。,4,,103-67 105-68 105-69 106-70 108-70 109-69 111-69
102,69,病態・薬物治療,循環器疾患,14,6,肯定形,,,5,181,ある病院で新たに降圧薬Ａを採用することになった。そこで薬剤師Ｘは当該病院において、高血圧患者にＡを投与した場合と投与しない場合との間で、消化器症状の発現率に差があるかを観察・調査する研究を計画した。なお、高血圧患者にＡ を投与するか否かは、それぞれの主治医による薬物治療上の判断に基づき、薬剤師 Ｘは介入しないものとした。この研究に該当するのはどれか。1つ選べ。,randomized controlled trial,prospective cohort study,retrospective cohort study,case-control study,meta-analysis □ 24□,2,,102-57 102-60 104-60 105-56 105-63 108-59 108-61 108-63 108-68 110-56 110-59 111-58 111-68
102,70,病態・薬物治療,産婦人科・小児・皮膚眼科ほか,6,6,肯定形,,,5,31,新生児の特徴を成人と比□したとき、正しいのはどれか。1つ選べ。,胆汁酸塩の生成が多い。,肝臓のグルクロン酸抱合能が高い。,薬物の皮膚透過性が低い。,成人とは異なるシトクロム P450分子種が発現している。,胃内 pH が低い。 □ 25□,4,,105-60 107-63 109-66 110-64 111-64
102,71,法規・制度・倫理,法体系・憲法,5,5,肯定形,,,5,138,日本国憲法第25条において保障されている権利として、最も適切なのはどれか。1つ選べ。日本国憲法第25条 １ すべて国民は、健康で文化的な最低限度の生活を営む権利を有する。 ２ 国は、すべての生活部面について、社会福祉、社会保障及び公衆衛生の向上及び増進に努めなければならない。,財産権,参政権,自己決定権,人格権,生存権,5,,103-71 106-74 107-73 108-74
102,72,法規・制度・倫理,薬剤師法,13,8,肯定形,,,5,27,希少疾病用医薬品について、正しいのはどれか。1つ選べ。,治験の届出が免除される。,期限付の製造販売承認となる。,試験研究は中止することができない。,指定が取り消されることがある。,再審査期間は４年である。,4,,102-73 102-75 104-74 105-79 106-72 106-73 107-71 107-72 107-78 108-71 109-73 110-71
102,73,法規・制度・倫理,薬剤師法,13,8,否定形,,,5,60,厚生労働大臣が、薬剤師の免許の取消し等の処分をするにあたって、あらかじめ意見を聴かなければならないのはどれか。1つ選べ。,医道審議会,都道府県知事,内閣府,薬事・食品衛生審議会,裁判所 □ 26□,1,,102-72 102-75 104-74 105-79 106-72 106-73 107-71 107-72 107-78 108-71 109-73 110-71
102,74,法規・制度・倫理,医療法・医療提供体制,7,7,肯定形,,,5,46,医療を受ける者に対する医療の担い手の責務として、医療法に規定されているのはどれか。1つ選べ。,福祉サービスの提供,医療技術の普及,医療計画の策定,効率的な説明,良質かつ適切な医療の提供,5,,103-72 104-77 105-76 107-80 110-76 111-74
102,75,法規・制度・倫理,薬剤師法,13,8,肯定形,,,5,79,薬局で向精神薬を取扱う場合、法令に基づいて届出が必要とされているのはどれか。1つ選べ。なお、薬局は、向精神薬営業者に関して別段の申し出はしていないものとする。,処方箋に基づく譲渡,他の薬局への譲渡,向精神薬卸売業者からの譲受,廃棄,一定量以上の滅失、盗取等の事故,5,,102-72 102-73 104-74 105-79 106-72 106-73 107-71 107-72 107-78 108-71 109-73 110-71
102,76,法規・制度・倫理,医療保険・介護保険,14,8,否定形,,,5,46,医薬品副作用被害救済制度における副作用救済給付の対象として、誤っているのはどれか。1つ選べ。,医療費,医療手当,障害年金,休業保障,葬祭料,4,,102-78 104-71 105-73 106-78 106-79 108-73 108-77 108-78 109-79 110-77 111-72 111-78 111-79
102,77,法規・制度・倫理,薬学史・薬害,6,5,肯定形,,,5,31,ソリブジン事件に関する記述のうち、正しいのはどれか。1つ選べ。,市販直後に副作用である間質性肺炎を多数発症した。,長期大量投与により亜急性脊髄視神経症を発症した。,アナフィラキシーショックにより死亡例が発生した。,他の医薬品との相互作用により死亡例が発生した。,慢性疾患への投与により網膜症を発症した。 □ 27□,4,,103-75 107-74 108-72 108-75 111-73
102,78,法規・制度・倫理,医療保険・介護保険,14,8,肯定形,,,5,27,自営業などの人を対象とする医療保険はどれか。1つ選べ。,船員保険,国民健康保険,共済組合,組合管掌健康保険,全国健康保険協会管掌健康保険,2,,102-76 104-71 105-73 106-78 106-79 108-73 108-77 108-78 109-79 110-77 111-72 111-78 111-79
102,79,法規・制度・倫理,倫理・臨床研究,9,8,肯定形,,,5,30,リスボン宣言に関する記述のうち、正しいのはどれか。1つ選べ。,人を対象とする医学系研究の倫理的原則である。,日本では法的拘束力がある。,患者が他の医師の意見を求める権利が示されている。,研究倫理委員会の役割が示されている。,医療従事者の権利が示されている。,3,,103-77 103-78 104-79 106-71 107-79 108-79 109-72 110-78
102,80,法規・制度・倫理,コミュニケーション・患者中心の医療,7,6,肯定形,,,5,97,薬局に処方箋を持参した成人患者が、半年前から継続処方されている薬について、「この薬は、あまり飲みたくないのです」と訴えた。この訴えの次に薬剤師が患者にかける言葉として適切なのはどれか。1つ選べ。,□それでは中止しましょうか。よい薬が処方されているのに残念です。」,□すでに処方されているので、変更することはできません。」,□それは医師に言っていただかないと困ります。」,□副作用が少ないですから、安心して飲んでください。」,□飲みたくないことについて、少し話を聞かせていただけますか。」 □ 28□,5,,104-80 108-80 109-71 109-80 110-80 111-80
102,81,実務,治験・臨床研究の実務,5,5,肯定形,,,5,53,□患者が積極的に治療方針の決定に参加し、その決定に従って治療を受けること」を意味するのはどれか。1つ選べ。,アドヒアランス,インフォームド・コンセント,カウンセリング,クリニカルパス,コンプライアンス,1,,103-83 104-82 107-81 111-85
102,82,実務,医薬品管理・保管,9,5,否定形,,,5,53,医療機関や薬局において血液凝固因子製剤を取扱う際の留意点として、関連法規に記載のないのはどれか。1つ選べ。,他のものと区別し、のかかる金庫に保管する。,使用に関する適切な説明を行い、患者の理解を得るように努める。,患者ごとに使用記録を作成する。,作成した使用記録を20年間保管する。,本剤に由来すると疑われる感染症に関する情報を厚生労働省に報告する。,1,,102-88 104-86 104-89 105-81 105-84 105-86 107-83 109-87
102,83,実務,調剤・処方箋,9,7,肯定形,,,5,26,薬袋に記載する事項として必須なのはどれか。1つ選べ。,処方医名,処方箋発行日,薬品名,使用上の注意,調剤年月日,5,,102-87 104-88 105-87 106-90 108-83 109-84 109-90 110-86
102,84,実務,妊婦・授乳婦・小児への薬物療法,3,3,肯定形,,,5,25,妊婦への投与が禁忌である医薬品はどれか。1つ選べ。,アセトアミノフェン,インスリン,炭酸リチウム,プレドニゾロン,ヘパリンナトリウム □ 29□,3,,103-86 105-83
102,85,実務,服薬指導・製剤の取扱い,12,9,肯定形,,,5,54,医療用医薬品としてすでに使われている有効成分が転用された要指導医薬品及び一般用医薬品を何というか。1つ選べ。,指定薬物,ジェネリック医薬品,オーファンドラッグ,スイッチ OTC,ダイレクト OTC,4,,103-89 105-88 106-82 106-88 107-87 107-88 108-89 109-81 109-85 110-83 111-88
102,86,実務,消毒・感染対策,9,8,肯定形,,,5,37,Ｂ型肝炎患者の血液で床が汚染された場合に適用される消毒薬はどれか。つ選べ。,ポビドンヨード,次亜塩素酸ナトリウム,エタノール,クロルヘキシジングルコン酸塩,ベンザルコニウム塩化物,2,,103-88 104-84 105-85 107-86 108-86 108-88 109-88 111-87
102,87,実務,調剤・処方箋,9,7,肯定形,,,5,39,薬局において、薬剤師法に基づき、作成が義務づけられているのはどれか。1つ選べ。,薬剤情報提供書,お薬手帳,領収書,明細書,調剤録,5,,102-83 104-88 105-87 106-90 108-83 109-84 109-90 110-86
102,88,実務,医薬品管理・保管,9,5,否定形,,,5,30,特定生物由来製品に該当しない生物由来製品はどれか。1つ選べ。,人免疫グロブリン製剤,血小板製剤,生ワクチン,人血清アルブミン製剤,血液凝固因子製剤 □ 30□,3,,102-82 104-86 104-89 105-81 105-84 105-86 107-83 109-87
102,89,実務,在宅・地域・セルフメディケーション,10,7,肯定形,,,5,47,マオウを含む漢方薬を服用する患者に、薬剤師が伝えるべき副作用として適切なのはどれか。1つ選べ。,筋肉痛,浮腫,動悸,血圧低下,鼻汁過多,3,,103-87 105-90 107-89 108-87 109-83 109-86 110-81 110-84 110-85
102,90,実務,未分類,3,2,肯定形,,,5,101,100mm の水平な直線上の左端を「痛みなし」、右端を「最悪の痛み」として、患者自身に現在の痛みがどの程度かを指し示してもらい、左端からの長さをもって痛みの程度を数値化した。この方法はどれか。1つ選べ。,VAS（Visual Analogue Scale）,FPS（Faces Pain Scale）,NRS（Numerical Rating Scale）,VRS（Verbal Rating Scale）,MMSE（M ini-M ental State Examination） □ 31□,1,,106-84 106-89
103,1,物理,熱力学,6,5,肯定形,,,5,26,系の乱雑さを定量的に表す熱力学量はどれか。1つ選べ。,内部エネルギー,エンタルピー,エントロピー,ギブズエネルギー,化学ポテンシャル,3,,103-4 105-5 107-2 108-2 110-2
103,2,物理,溶液・束一的性質,6,4,肯定形,,,5,58,化合物の親水性や疎水性を表す指標となる分配係数の測定において、水と組み合わせて用いられる有機溶媒はどれか。1つ選べ。,アセトニトリル,アセトン,1︲オクタノール,グリセロール,メタノール,3,,107-3 107-4 110-3 110-5 111-2
103,3,物理,物質の状態・相平衡,3,3,肯定形,,,5,64,硫酸バリウムの飽和水溶液に硫酸ナトリウムを加えるとき、硫酸バリウムの沈殿が生じやすくなる現象に最も関連するのはどれか。1つ選べ。,過飽和現象,共通イオン効果,異種イオン効果,重原子効果,水平化効果,2,,104-3 108-1
103,4,物理,熱力学,6,5,肯定形,,○,5,56,理想気体の物質量 n、圧力 p、気体定数 R、熱力学温度 T、体積 V について成立する関係はどれか。1つ選べ。,n = RTV p,n =,n =,n =,n = pT RV pRT V pV RT RT pV,4,,103-1 105-5 107-2 108-2 110-2
103,5,物理,分析の基礎・バリデーション,10,6,肯定形,,,5,46,有効数字を考慮した、2つの測定値1 . 231と0 . 32132の和はどれか。1つ選べ。1,. 6,1 . 55,1 . 552,1 . 5523,1 . 55232,3,,102-1 105-1 105-3 105-4 106-2 106-3 108-3 108-5 111-5
103,6,化学,医薬品の構造,4,4,肯定形,,○,,123,2︲メチルブチル基を表す構造式はどれか。1つ選べ。 CH3 H3C C CH2 CH2 H CH3 H H3C C C H CH3 CH3 H3C C CH2 CH3 CH3 CH3 H3C CH2 CH2 C H H3C CH2 C CH2 H,,,,,,5,,102-9 105-8 108-6
103,7,化学,立体化学,7,7,肯定形,,○,,94,不斉中心の立体配置が R 配置であるのはどれか。1つ選べ。 HO H OH CH3 H3C CH3 H3C CH3 H3C CH3 H HO CH3 H3C H CH3 H OH HO H,,,,,,5,,102-7 104-8 105-9 106-8 107-8 108-9
103,8,化学,芳香族・共役系,4,3,否定形,,,,34,芳香族性を示さないのはどれか。1つ選べ。＋ H N N H N＋ O,,,,,,1,,104-9 111-8 111-9
103,9,化学,無機・電子論,6,6,肯定形,,,5,55,亜鉛イオンは、生体内においてルイス酸として重要な役割を果たしている。亜鉛がとりやすい酸化数はどれか。1つ選べ。,+1,+2,+3,+4,+5,2,,104-6 107-9 108-10 109-7 110-7
103,10,化学,酸塩基性・官能基,5,5,肯定形,,,,76,pKa 値が最も小さいカルボン酸はどれか。1つ選べ。 CH3CO2H F CH2CO2H Cl CH2CO2H Br CH2CO2H l CH2CO2H,,,,,,2,,102-10 104-7 110-8 111-6
103,11,生物,人体の構造と機能,13,8,肯定形,,○,,61,図は、ヒトの心臓の断面と心臓に出入りする血管を示す。1～5のうち、肺動脈はどれか。1つ選べ。なお、矢印は血液の流れを示す。,,,,,,4,,102-11 104-11 104-12 105-11 105-14 108-11 108-12 109-11 109-12 109-14 110-11 111-11
103,12,生物,未分類,6,5,肯定形,,○,,152,コレステロールの構造はどれか。1つ選べ。 H H3C H3C CH3 H CH3 H N H3C H H H HO H H3C H3C CO2H H NH2 O O O O O PO O O－＋ N（CH3）3 OH HO HO OH O OH HO O O OH OH O N N H NH N NH2,,,,,,1,,102-12 105-12 106-11 106-13 110-12
103,13,生物,遺伝子・分子生物学,10,6,肯定形,,○,5,40,図はヒト染色体を表す。矢印の部分（黒色）に存在する構造の名称はどれか。1つ選べ。,動原体,テロメア,核小体,セントロメア,紡錘糸,2,,102-13 104-13 104-14 107-13 107-14 110-13 110-14 110-15 111-15
103,14,生物,免疫,8,7,肯定形,,,5,29,T 細胞が分化・成熟する一次リンパ器官はどれか。1つ選べ。,リンパ節,胸腺,脾臓,副腎,骨髄,2,,102-15 104-15 105-15 108-13 108-15 109-15 111-13
103,15,生物,酵素,3,3,肯定形,,,5,43,ヘリコバクター・ピロリが、アンモニアを産生する際に関与する主な酵素はどれか。1つ選べ。,アルギナーゼ,ウレアーゼ,グルタミナーゼ,クレアチンキナーゼ,デアミナーゼ,2,,106-14 108-14
103,16,衛生,栄養・食事摂取基準,10,7,肯定形,,,5,69,「日本人の食事摂取基準（2015年版）」において、生活習慣病の発症及び重症化を予防するために設定されている栄養素の指標はどれか。1つ選べ。,推定平均必要量,推奨量,目安量,目標量,耐容上限量,4,,103-23 105-23 106-20 107-16 107-19 108-21 109-19 111-18 111-19
103,17,衛生,食中毒・食品衛生,19,9,肯定形,,,5,34,食品中のトリプトファンから生じる腐敗臭の原因物質はどれか。1つ選べ。,エチルメルカプタン,スカトール,スペルミジン,トリメチルアミン,ヒスタミン,2,,102-16 102-17 102-18 103-18 104-16 104-17 105-16 105-18 107-17 107-18 107-20 108-18 108-19 108-20 109-20 110-19 110-20 111-21
103,18,衛生,食中毒・食品衛生,19,9,肯定形,,,5,33,冬季に患者発生数がピークになる食中毒の病因物質はどれか。1つ選べ。,カンピロバクター・ジェジュニ,ツキヨタケ,腸炎ビブリオ,ノロウイルス,サルモネラ属菌,4,,102-16 102-17 102-18 103-17 104-16 104-17 105-16 105-18 107-17 107-18 107-20 108-18 108-19 108-20 109-20 110-19 110-20 111-21
103,19,衛生,感染症・予防接種,10,9,肯定形,,○,5,84,母子感染防止事業の徹底により母子感染は激減したが、小児における水平感染が問題となったため、予防接種法における定期接種の対象に新たに加えられたウイルスはどれか。1つ選べ。,A 型肝炎ウイルス,B 型肝炎ウイルス,C 型肝炎ウイルス,E 型肝炎ウイルス,アデノウイルス,2,,102-19 104-18 105-19 105-20 106-18 108-16 109-17 110-17 111-16
103,20,衛生,予防・保健制度,2,2,肯定形,,,5,29,業務上疾病のうち、疾病者数が最も多いのはどれか。1つ選べ。,レイノー病,胆管がん,酸素欠乏症,潜函病,災害性腰痛,5,,104-19
103,21,衛生,化学物質の毒性・解毒,20,10,肯定形,,,5,43,ほ乳動物の体内で、有機リン系農薬マラチオンを代謝して無毒化する酵素はどれか。1つ選べ。,N︲アセチル転移酵素,グルタチオン S︲転移酵素,硫酸転移酵素,カルボキシルエステラーゼ,アルコール脱水素酵素,4,,102-21 103-22 104-22 104-23 105-17 105-22 105-24 106-21 106-22 107-22 107-23 107-24 108-22 109-22 110-18 110-21 111-22 111-23 111-25
103,22,衛生,化学物質の毒性・解毒,20,10,肯定形,,,5,42,慢性毒性として、成人では貧血、小児では中枢神経障害が問題となるのはどれか。1つ選べ。,カドミウム,無機鉛,無機スズ,クロム,アルセノベタイン,2,,102-21 103-21 104-22 104-23 105-17 105-22 105-24 106-21 106-22 107-22 107-23 107-24 108-22 109-22 110-18 110-21 111-22 111-23 111-25
103,23,衛生,栄養・食事摂取基準,10,7,肯定形,,,5,26,微量元素セレンを含む生体防御因子はどれか。1つ選べ。,スーパーオキシドジスムターゼ,NADPH オキシダーゼ,グルタチオンペルオキシダーゼ,カタラーゼ,メタロチオネイン,3,,103-16 105-23 106-20 107-16 107-19 108-21 109-19 111-18 111-19
103,24,衛生,環境衛生,22,10,否定形,,,5,39,水道水の水質基準項目のうち、塩素消毒による副生成物でないのはどれか。1つ選べ。,ジェオスミン,ジブロモクロロメタン,クロロ酢酸,クロロホルム,ブロモホルム,1,,102-24 102-25 103-25 104-21 104-24 104-25 105-25 106-23 106-24 106-25 107-25 108-17 108-23 108-24 108-25 109-18 109-25 110-23 110-24 110-25 111-24
103,25,衛生,環境衛生,22,10,否定形,,,5,46,大気中に含まれる物質のうち、環境基本法により環境基準が設定されていないのはどれか。1つ選べ。,一酸化炭素,二酸化炭素,二酸化窒素,テトラクロロエチレン,ベンゼン,2,,102-24 102-25 103-24 104-21 104-24 104-25 105-25 106-23 106-24 106-25 107-25 108-17 108-23 108-24 108-25 109-18 109-25 110-23 110-24 110-25 111-24
103,26,薬理,自律神経作用薬,38,10,肯定形,,○,5,42,Gq タンパク質と共役してホスホリパーゼ C を活性化する受容体はどれか。1つ選べ。,アドレナリン b1受容体,ドパミン D2受容体,オピオイド n 受容体,アセチルコリン M2受容体,ヒスタミン H1受容体,5,,102-27 102-29 103-28 103-29 103-30 104-27 104-28 104-33 104-40 105-28 105-29 105-37 106-27 106-28 106-35 106-40 107-26 107-27 107-28 107-29 108-27 108-28 108-34 108-36 108-40 109-26 109-27 109-34 109-35 110-26 110-27 110-28 110-29 110-31 111-26 111-33 111-35
103,27,薬理,中枢神経作用薬,25,9,肯定形,,,5,40,長期連用により精神的依存を起こすが、身体的依存は生じにくいのはどれか。1つ選べ。,メタンフェタミン,モルヒネ,アルコール（エタノール）,エチゾラム,フェノバルビタール,1,,102-30 103-31 103-32 103-33 103-36 104-30 104-32 104-34 105-27 105-30 105-31 105-32 106-29 106-30 106-36 107-30 109-28 110-32 110-36 111-27 111-28 111-29 111-30 111-31
103,28,薬理,自律神経作用薬,38,10,肯定形,,,5,30,アドレナリン b2受容体刺激薬の薬理作用はどれか。1つ選べ。,心拍数低下,瞳孔散大筋収縮,膀胱括約筋（内尿道括約筋）収縮,気管支平滑筋弛緩,グリコーゲン分解抑制,4,,102-27 102-29 103-26 103-29 103-30 104-27 104-28 104-33 104-40 105-28 105-29 105-37 106-27 106-28 106-35 106-40 107-26 107-27 107-28 107-29 108-27 108-28 108-34 108-36 108-40 109-26 109-27 109-34 109-35 110-26 110-27 110-28 110-29 110-31 111-26 111-33 111-35
103,29,薬理,自律神経作用薬,38,10,肯定形,,,5,39,副交感神経終末から遊離された神経伝達物質の分解を抑制するのはどれか。1つ選べ。,ベタネコール,スコポラミン,ジスチグミン,プラリドキシム,イプラトロピウム,3,,102-27 102-29 103-26 103-28 103-30 104-27 104-28 104-33 104-40 105-28 105-29 105-37 106-27 106-28 106-35 106-40 107-26 107-27 107-28 107-29 108-27 108-28 108-34 108-36 108-40 109-26 109-27 109-34 109-35 110-26 110-27 110-28 110-29 110-31 111-26 111-33 111-35
103,30,薬理,自律神経作用薬,38,10,肯定形,,,5,25,ダントロレンの筋弛緩作用の機序はどれか。1つ選べ。,筋小胞体からの Ca2+ の遊離抑制,神経筋接合部の神経終末からのアセチルコリンの遊離抑制,神経筋接合部のニコチン性アセチルコリン受容体の競合的遮断,神経筋接合部のニコチン性アセチルコリン受容体の不可逆的遮断,脊髄の c︲アミノ酪酸 GABAB 受容体刺激,1,,102-27 102-29 103-26 103-28 103-29 104-27 104-28 104-33 104-40 105-28 105-29 105-37 106-27 106-28 106-35 106-40 107-26 107-27 107-28 107-29 108-27 108-28 108-34 108-36 108-40 109-26 109-27 109-34 109-35 110-26 110-27 110-28 110-29 110-31 111-26 111-33 111-35
103,31,薬理,中枢神経作用薬,25,9,肯定形,,,5,42,全身麻酔の導入時に、前投与薬（麻酔前投薬）として使用されない薬物はどれか。1つ選べ。,ベクロニウム,ジアゼパム,レミフェンタニル,ピロカルピン,ドロペリドール,4,,102-30 103-27 103-32 103-33 103-36 104-30 104-32 104-34 105-27 105-30 105-31 105-32 106-29 106-30 106-36 107-30 109-28 110-32 110-36 111-27 111-28 111-29 111-30 111-31
103,32,薬理,中枢神経作用薬,25,9,肯定形,,,5,42,T 型 Ca2+ チャネルを遮断することで抗てんかん作用を示すのはどれか。1つ選べ。,カルバマゼピン,レベチラセタム,ガバペンチン,フェニトイン,エトスクシミド,5,,102-30 103-27 103-31 103-33 103-36 104-30 104-32 104-34 105-27 105-30 105-31 105-32 106-29 106-30 106-36 107-30 109-28 110-32 110-36 111-27 111-28 111-29 111-30 111-31
103,33,薬理,中枢神経作用薬,25,9,肯定形,,,5,46,セロトニン5︲HT1A 受容体を選択的に刺激することで抗不安作用を示すのはどれか。1つ選べ。,ジアゼパム,スマトリプタン,タンドスピロン,スピペロン,オキサゾラム,3,,102-30 103-27 103-31 103-32 103-36 104-30 104-32 104-34 105-27 105-30 105-31 105-32 106-29 106-30 106-36 107-30 109-28 110-32 110-36 111-27 111-28 111-29 111-30 111-31
103,34,薬理,循環器作用薬,15,9,肯定形,,,5,54,血管平滑筋細胞においてサイクリック AMP（cAMP）を増やすことで血管拡張作用を示すのはどれか。1つ選べ。,カンデサルタン,カルペリチド,ボセンタン,ベラプロスト,プラゾシン,4,,102-28 102-31 102-32 103-35 104-31 106-33 107-33 107-35 108-31 108-32 109-31 109-33 110-34 111-32
103,35,薬理,循環器作用薬,15,9,肯定形,,,5,30,バソプレシン V2受容体を遮断する利尿薬はどれか。1つ選べ。,スピロノラクトン,ヒドロクロロチアジド,アゾセミド,トリアムテレン,トルバプタン,5,,102-28 102-31 102-32 103-34 104-31 106-33 107-33 107-35 108-31 108-32 109-31 109-33 110-34 111-32
103,36,薬理,中枢神経作用薬,25,9,肯定形,,○,5,24,アザセトロンの制吐作用の機序はどれか。1つ選べ。,化学受容器引き金帯（CTZ）のドパミン D2受容体遮断,胃の求心性迷走神経終末のセロトニン5︲HT4受容体遮断,CTZ のセロトニン5︲HT3受容体遮断,嘔吐中枢のヒスタミン H1受容体遮断,胃粘膜の知覚神経終末の電位依存性 Na+ チャネル遮断,3,,102-30 103-27 103-31 103-32 103-33 104-30 104-32 104-34 105-27 105-30 105-31 105-32 106-29 106-30 106-36 107-30 109-28 110-32 110-36 111-27 111-28 111-29 111-30 111-31
103,37,薬理,内分泌・代謝薬,24,9,肯定形,,,5,58,副甲状腺細胞のカルシウム受容体（カルシウム感知受容体）を刺激して、パラトルモンの分泌を抑制するのはどれか。1つ選べ。,テリパラチド,シナカルセト,レボチロキシン,フィナステリド,フルタミド,2,,102-33 102-35 102-36 103-38 103-39 105-36 105-38 106-31 106-32 106-34 106-37 107-32 107-38 107-39 108-37 108-38 108-39 109-36 109-37 110-37 111-37 111-38 111-40
103,38,薬理,内分泌・代謝薬,24,9,肯定形,,,5,53,痛風・高尿酸血症の治療薬のうち、尿路結石を予防する目的で、尿アルカリ化薬が併用されるのはどれか。1つ選べ。,コルヒチン,ベンズブロマロン,フェブキソスタット,ラスブリカーゼ,ナプロキセン,2,,102-33 102-35 102-36 103-37 103-39 105-36 105-38 106-31 106-32 106-34 106-37 107-32 107-38 107-39 108-37 108-38 108-39 109-36 109-37 110-37 111-37 111-38 111-40
103,39,薬理,内分泌・代謝薬,24,9,肯定形,,,5,31,骨粗しょう症治療薬のエルカトニンの作用機序はどれか。1つ選べ。,破骨細胞の活性抑制による骨吸収抑制,骨芽細胞の分化促進,カルシウムの腸管での吸収及び腎臓での再吸収の促進,骨組織のエストロゲン受容体の活性化,副甲状腺ホルモンの分泌抑制,1,,102-33 102-35 102-36 103-37 103-38 105-36 105-38 106-31 106-32 106-34 106-37 107-32 107-38 107-39 108-37 108-38 108-39 109-36 109-37 110-37 111-37 111-38 111-40
103,40,薬理,抗がん薬・免疫,8,7,肯定形,,,5,65,TNF︲a（腫瘍壊死因子︲a）の作用を阻害するヒト型可溶性 TNF 受容体︲Fc 融合タンパク質の生物学的製剤はどれか。1つ選べ。,シクロスポリン,オーラノフィン,インフリキシマブ,エタネルセプト,アバタセプト,4,,102-40 105-40 106-39 107-31 109-40 110-33 110-40
103,41,薬剤,吸収・膜透過,28,10,肯定形,,,5,39,食事による胃内容排出速度の低下によって、吸収量が増大するのはどれか。1つ選べ。,アセトアミノフェン,エリスロマイシン,セファクロル,リファンピシン,リボフラビン,5,,102-42 102-54 103-42 103-55 104-42 105-41 105-52 105-54 106-41 106-42 106-48 107-41 107-42 107-51 107-55 108-41 108-42 108-54 108-55 109-41 109-42 109-51 110-42 110-54 111-41 111-42 111-52
103,42,薬剤,吸収・膜透過,28,10,肯定形,,,5,29,親水性薬物の経皮吸収における最大の障壁はどれか。1つ選べ。,皮脂腺,真皮層,毛嚢,角質層,毛細血管,4,,102-42 102-54 103-41 103-55 104-42 105-41 105-52 105-54 106-41 106-42 106-48 107-41 107-42 107-51 107-55 108-41 108-42 108-54 108-55 109-41 109-42 109-51 110-42 110-54 111-41 111-42 111-52
103,43,薬剤,薬物動態パラメータ・計算,26,10,肯定形,,,5,21,分布容積が最も大きいのはどれか。1つ選べ。,アミオダロン,バンコマイシン,ヘパリン,リチウム,ワルファリン,1,,102-44 102-45 102-46 102-47 102-48 103-46 103-47 104-41 104-46 104-47 105-45 105-46 105-47 106-43 106-46 106-47 107-45 108-46 109-46 110-46 110-47 110-48 111-43 111-45 111-46
103,44,薬剤,代謝,14,10,肯定形,,,5,38,生体内で主に UDP︲グルクロン酸転移酵素で代謝されるのはどれか。1つ選べ。,アセタゾラミド,アミカシン,イソニアジド,サラゾスルファピリジン,モルヒネ,5,,102-43 103-45 104-44 104-55 105-43 105-44 106-44 107-44 108-44 108-47 109-44 110-44 111-44
103,45,薬剤,代謝,14,10,肯定形,,○,,165,ヘム鉄に配位することで、CYP3A4の活性を阻害するのはどれか。1つ選べ。 HO HO O H2N OH HO HO O O NH2 HO O NH2 OH NH2 HO H H N CH3 H2N OH H CH3 CO2H O H N H N CH3 N CN N N H S CH3 NH2 CH3 H3C CH3 CO2H,,,,,,3,,102-43 103-44 104-44 104-55 105-43 105-44 106-44 107-44 108-44 108-47 109-44 110-44 111-44
103,46,薬剤,薬物動態パラメータ・計算,26,10,肯定形,,,5,39,糸球体ろ過速度に対する腎クリアランスの比がほぼ1に等しいのはどれか。1つ選べ。,アンピシリン,イヌリン,インドシアニングリーン,グルコース,パラアミノ馬尿酸,2,,102-44 102-45 102-46 102-47 102-48 103-43 103-47 104-41 104-46 104-47 105-45 105-46 105-47 106-43 106-46 106-47 107-45 108-46 109-46 110-46 110-47 110-48 111-43 111-45 111-46
103,47,薬剤,薬物動態パラメータ・計算,26,10,肯定形,,,5,31,肝クリアランスに関する記述のうち、正しいのはどれか。1つ選べ。,上限は肝固有クリアランスである。,上限は肝血流速度である。,下限は肝固有クリアランスである。,下限は肝血流速度である。,肝血流速度に反比例する。,2,,102-44 102-45 102-46 102-47 102-48 103-43 103-46 104-41 104-46 104-47 105-45 105-46 105-47 106-43 106-46 106-47 107-45 108-46 109-46 110-46 110-47 110-48 111-43 111-45 111-46
103,48,薬剤,製剤材料の物性,35,10,肯定形,,,5,36,乳糖粉末の粒子径分布と粒子形状の両方を測定できる方法はどれか。1つ選べ。,光学顕微鏡法,ふるい分け法,コールターカウンター法,動的光散乱法,遠心沈降法,1,,102-50 102-51 102-52 102-53 103-49 103-51 103-54 104-50 104-51 104-53 104-54 105-48 105-50 106-49 106-50 106-52 107-48 107-49 108-49 108-50 108-52 108-53 109-49 109-50 109-52 109-53 110-49 110-50 110-51 110-52 111-48 111-49 111-50 111-51
103,49,薬剤,製剤材料の物性,35,10,肯定形,○,,5,128,ソルビタンモノラウレート（HLB 値 = 8 . 6）とポリオキシエチレンソルビタンモノオレート（HLB 値 = 15 . 0）の等質量混合物の HLB 値として最も近いのはどれか。1つ選べ。HLB：Hydrophile︲Lipophile Balance,6,9,12,15,24,3,,102-50 102-51 102-52 102-53 103-48 103-51 103-54 104-50 104-51 104-53 104-54 105-48 105-50 106-49 106-50 106-52 107-48 107-49 108-49 108-50 108-52 108-53 109-49 109-50 109-52 109-53 110-49 110-50 110-51 110-52 111-48 111-49 111-50 111-51
103,50,薬剤,製剤各論・製剤総則,13,8,否定形,,,5,21,腸溶性の高分子でないのはどれか。1つ選べ。,セラセフェート,メタクリル酸コポリマー,ヒドロキシプロピルセルロース,ヒプロメロースフタル酸エステル,ヒプロメロース酢酸エステルコハク酸エステル,3,,102-55 103-52 103-53 104-49 104-52 105-53 106-53 106-54 107-52 107-53 109-54 111-53
103,51,薬剤,製剤材料の物性,35,10,肯定形,,,5,65,日本薬局方において、口腔内で徐々に溶解又は崩壊させ、口腔、咽頭などの局所に適用する口腔用錠剤と規定されているのはどれか。1つ選べ。,溶解錠,トローチ剤,チュアブル錠,口腔内崩壊錠,分散錠,2,,102-50 102-51 102-52 102-53 103-48 103-49 103-54 104-50 104-51 104-53 104-54 105-48 105-50 106-49 106-50 106-52 107-48 107-49 108-49 108-50 108-52 108-53 109-49 109-50 109-52 109-53 110-49 110-50 110-51 110-52 111-48 111-49 111-50 111-51
103,52,薬剤,製剤各論・製剤総則,13,8,肯定形,,,,108,日本薬局方で規定されている一般試験法と、その試験法が適用される剤形の組合せとして、正しいのはどれか。1つ選べ。一般試験法無菌試験法鉱油試験法粘着力試験法重金属試験法製剤均一性試験法剤形点鼻液剤テープ剤軟膏剤点眼剤坐剤,,,,,,5,,102-55 103-50 103-53 104-49 104-52 105-53 106-53 106-54 107-52 107-53 109-54 111-53
103,53,薬剤,製剤各論・製剤総則,13,8,肯定形,,,5,21,下に示す包装形態の名称はどれか。1つ選べ。,SP（Strip Package）包装,バラ包装,PTP（Press Through Package）包装,ピロー包装,スティック包装,3,,102-55 103-50 103-52 104-49 104-52 105-53 106-53 106-54 107-52 107-53 109-54 111-53
103,54,薬剤,製剤材料の物性,35,10,肯定形,,,5,30,腹膜透析用剤に関する記述のうち、正しいのはどれか。1つ選べ。,pH 調節剤を加えることはできない。,等張化剤を加えることはできない。,別に規定するもののほか、無菌試験法に適合する。,静脈内に投与される。,通例、密閉容器に保存する。,3,,102-50 102-51 102-52 102-53 103-48 103-49 103-51 104-50 104-51 104-53 104-54 105-48 105-50 106-49 106-50 106-52 107-48 107-49 108-49 108-50 108-52 108-53 109-49 109-50 109-52 109-53 110-49 110-50 110-51 110-52 111-48 111-49 111-50 111-51
103,55,薬剤,吸収・膜透過,28,10,肯定形,,,5,27,経口徐放性製剤の利点として適切なのはどれか。1つ選べ。,作用発現開始時間の短縮,肝初回通過効果の減少,最高血中濃度の増大,副作用発現頻度の低下,最小有効濃度の低下,4,,102-42 102-54 103-41 103-42 104-42 105-41 105-52 105-54 106-41 106-42 106-48 107-41 107-42 107-51 107-55 108-41 108-42 108-54 108-55 109-41 109-42 109-51 110-42 110-54 111-41 111-42 111-52
103,56,病態・薬物治療,がん,13,9,肯定形,,○,5,27,肺腺がんの診断に有用な腫瘍マーカーはどれか。1つ選べ。,NSE,CA125,CEA,PSA,AFP,3,,102-56 102-63 102-66 104-59 104-65 105-57 105-59 106-67 107-67 108-56 110-68 111-67
103,57,病態・薬物治療,検査値・臨床検査,7,5,肯定形,,,5,41,播種性血管内凝固症候群（DIC）において、著しく低下する検査値はどれか。1つ選べ。,白血球数,赤血球数,血小板数,血糖値,尿酸値,3,,103-58 106-57 107-64 107-70 110-66 111-59
103,58,病態・薬物治療,検査値・臨床検査,7,5,肯定形,,,5,29,子宮内膜症に関する記述のうち、正しいのはどれか。1つ選べ。,無痛性の疾患である。,受精卵が着床しやすくなる。,血清中の CA125が低値を示す。,エストロゲン分泌が減少する。,薬物治療には低用量黄体ホルモン・卵胞ホルモン配合剤を用いる。,5,,103-57 106-57 107-64 107-70 110-66 111-59
103,59,病態・薬物治療,代謝・内分泌疾患,15,7,肯定形,,,5,33,中枢性尿崩症の治療に関する記述のうち、適切なのはどれか。1つ選べ。,飲水を制限するよう指導する。,ヒドロクロロチアジドを投与する。,デスモプレシンを投与する。,プレドニゾロンを投与する。,チアマゾールを投与する。,3,,102-59 103-63 103-65 106-60 107-65 109-58 109-62 109-64 109-65 110-62 110-63 111-56 111-62 111-63
103,60,病態・薬物治療,精神・神経疾患,16,8,否定形,,,5,31,双極性障害の躁状態の症状として誤っているのはどれか。1つ選べ。,観念奔逸,多弁,希死（自殺）念慮,誇大妄想,気分爽快,3,,102-61 104-61 104-62 105-62 106-58 106-59 106-64 107-58 107-59 107-60 107-61 107-62 109-56 109-57 110-60
103,61,病態・薬物治療,呼吸器・アレルギー疾患,12,7,肯定形,,,5,32,アレルギー性鼻炎に関する記述のうち、正しいのはどれか。1つ選べ。,鼻粘膜のⅡ型アレルギー性疾患である。,IgE 抗体が関与している。,ハウスダストやダニは季節性アレルギー性鼻炎の原因である。,花粉症の原因としてヒノキ花粉が最も多い。,アレルゲン免疫療法は即効性がある。,2,,102-62 103-62 104-64 104-69 105-61 105-64 105-70 107-66 108-64 110-61 110-67
103,62,病態・薬物治療,呼吸器・アレルギー疾患,12,7,肯定形,,,5,30,アトピー性皮膚炎の初期治療として適切なのはどれか。1つ選べ。,ベタメタゾン酪酸エステルプロピオン酸エステルの外用,プレドニゾロンの内服,タクロリムス水和物の内服,フェキソフェナジン塩酸塩の内服,ルリコナゾールの外用,1,,102-62 103-61 104-64 104-69 105-61 105-64 105-70 107-66 108-64 110-61 110-67
103,63,病態・薬物治療,代謝・内分泌疾患,15,7,肯定形,,,5,27,白内障に関する記述のうち、正しいのはどれか。1つ選べ。,若い女性に好発する。,発症の最大のリスク因子は喫煙である。,無痛性の視力低下を伴う。,水晶体の混濁は薬物治療で完治できる。,副腎皮質ステロイド薬の内服が有効である。,3,,102-59 103-59 103-65 106-60 107-65 109-58 109-62 109-64 109-65 110-62 110-63 111-56 111-62 111-63
103,64,病態・薬物治療,免疫・膠原病・血液疾患,8,8,否定形,,,5,32,関節リウマチに関する記述のうち、誤っているのはどれか。1つ選べ。,自己免疫疾患である。,罹患率は男性が女性に比べて高い。,多様な関節外症状を呈する。,関節炎は多発性で対称性である。,早期診断に抗環状シトルリン化ペプチド（抗 CCP）抗体の検査が有用である。,2,,102-58 105-65 106-61 107-56 108-57 109-60 111-66
103,65,病態・薬物治療,代謝・内分泌疾患,15,7,否定形,,,5,32,重症筋無力症に関する記述のうち、誤っているのはどれか。1つ選べ。,アセチルコリンに対する自己抗体が産生される。,20代から40代の女性に好発する。,筋力低下に日内変動がある。,副腎皮質ステロイド薬による治療が行われる。,重症例では、呼吸筋麻痺を起こす。,1,,102-59 103-59 103-63 106-60 107-65 109-58 109-62 109-64 109-65 110-62 110-63 111-56 111-62 111-63
103,66,病態・薬物治療,医薬品情報・EBM,11,7,肯定形,,,5,37,医薬品インタビューフォームに関する記述のうち、正しいのはどれか。1つ選べ。,医薬品医療機器等法で定められた公文書である。,医療用医薬品添付文書を補完する三次資料である。,記載事項は医療用医薬品添付文書と同一である。,独立行政法人医薬品医療機器総合機構（PMDA）が作成し、提供している。,厚生労働省が記載要領を策定している。,2,,102-67 104-67 104-68 104-70 107-68 107-69 109-68 109-70 110-69 111-70
103,67,病態・薬物治療,臨床統計・研究デザイン,8,7,肯定形,,,5,79,エビデンスの明らかな情報を臨床現場で活用することを目的とし、治療や予防に関する無作為化比較試験のシステマティックレビューなどを収載したものはどれか。1つ選べ。,TOXLINE,Drug Safety Update,MEDLINE,Cochrane Library,Physiciansʼ Desk Reference,4,,102-68 105-68 105-69 106-70 108-70 109-69 111-69
103,68,病態・薬物治療,副作用・薬剤性疾患,18,9,肯定形,,,5,58,出血リスクの高い手術を予定されている患者で、手術前7日もしくはそれ以前からの休薬を提案すべきものはどれか。1つ選べ。,アスピリン,アトルバスタチン,エナラプリル,シタグリプチン,ボグリボース,1,,103-70 104-58 105-58 106-56 106-68 107-57 108-58 108-60 108-65 108-66 108-69 109-59 109-61 110-57 110-58 111-57 111-65
103,69,病態・薬物治療,腎・泌尿器疾患,5,5,肯定形,,,5,20,妊娠に伴い低下するのはどれか。1つ選べ。,胃内 pH,糸球体濾過速度,心拍出量,肝血流量,血清アルブミン濃度,5,,104-56 106-62 109-63 111-60
103,70,病態・薬物治療,副作用・薬剤性疾患,18,9,肯定形,,,5,34,重篤な腎機能障害のある患者に禁忌となっている薬物はどれか。1つ選べ。,アレンドロン酸,チクロピジン,メトトレキサート,クエチアピン,シルニジピン,3,,103-68 104-58 105-58 106-56 106-68 107-57 108-58 108-60 108-65 108-66 108-69 109-59 109-61 110-57 110-58 111-57 111-65
103,71,法規・制度・倫理,法体系・憲法,5,5,肯定形,,,5,29,法律の規定を実施するため内閣が定めるのはどれか。1つ選べ。,憲法,政令,省令,条例,条約,2,,102-71 106-74 107-73 108-74
103,72,法規・制度・倫理,医療法・医療提供体制,7,7,肯定形,,,5,27,病院が必ず有しなければならない施設はどれか。1つ選べ。,集中治療室,病理の検査施設,調剤所,研究室,病理解剖室,3,,102-74 104-77 105-76 107-80 110-76 111-74
103,73,法規・制度・倫理,薬機法・医薬品の分類,18,9,肯定形,,,5,29,薬局において、登録販売者が販売できるのはどれか。1つ選べ。,薬局製造販売医薬品,要指導医薬品,第一類医薬品,指定第二類医薬品,処方箋医薬品,4,,103-74 103-80 104-76 104-78 105-75 105-78 105-80 106-80 107-77 108-76 109-74 109-75 110-72 110-73 110-75 111-71 111-75
103,74,法規・制度・倫理,薬機法・医薬品の分類,18,9,肯定形,,,5,24,医薬品等に係る GVP は何の基準か。1つ選べ。,安全性に関する非臨床試験の実施,臨床試験の実施,製造管理及び品質管理,製造販売後の調査及び試験の実施,製造販売後安全管理,5,,103-73 103-80 104-76 104-78 105-75 105-78 105-80 106-80 107-77 108-76 109-74 109-75 110-72 110-73 110-75 111-71 111-75
103,75,法規・制度・倫理,薬学史・薬害,6,5,肯定形,,,5,44,薬害エイズの原因となった非加熱濃縮血液製剤を用いて治療されていた疾患はどれか。1つ選べ。,血友病,マラリア,C 型肝炎,多発性骨髄腫,ハンセン病,1,,102-77 107-74 108-72 108-75 111-73
103,76,法規・制度・倫理,販売制度・リスク区分,4,3,肯定形,,,5,21,国民医療費に含まれるのはどれか。1つ選べ。,帝王切開による分娩,一般用医薬品の購入,特定健康診査の受診,肺炎球菌感染症の予防接種,介護保険法におけるリハビリテーション,1,,104-72 109-76 109-78
103,77,法規・制度・倫理,倫理・臨床研究,9,8,肯定形,,,5,64,臨床試験のうち、少数の健康な成人志願者を被験者として、忍容性、薬物動態などを中心に検討することを目的とするのはどれか。1つ選べ。,探索的試験,臨床薬理試験,検証的試験,有効性比較試験,医療経済学的試験,2,,102-79 103-78 104-79 106-71 107-79 108-79 109-72 110-78
103,78,法規・制度・倫理,倫理・臨床研究,9,8,否定形,,,5,35,治験における被験者候補への説明として、適切でないのはどれか。1つ選べ。,あなた自身の治療方法として最善のものです。,参加しなくても不利益は受けません。,参加する場合には守っていただくことがあります。,参加しても途中でやめることができます。,医薬品の開発に役立つものです。,1,,102-79 103-77 104-79 106-71 107-79 108-79 109-72 110-78
103,79,法規・制度・倫理,毒薬・劇薬・毒物劇物,5,5,肯定形,,,5,58,生前に、終末期の延命措置に関することについて、意思表示をしておくことを表す語句として最も適切なのはどれか。1つ選べ。,セカンドオピニオン,インフォームドコンセント,クリニカルパス,リビングウィル,コンプライアンス,4,,104-73 105-72 107-75 110-74
103,80,法規・制度・倫理,薬機法・医薬品の分類,18,9,肯定形,,○,5,27,ヘルシンキ宣言の理念に準拠した基準はどれか。1つ選べ。,GLP,GCP,QMS,GQP,GMP,2,,103-73 103-74 104-76 104-78 105-75 105-78 105-80 106-80 107-77 108-76 109-74 109-75 110-72 110-73 110-75 111-71 111-75
103,81,実務,注射・無菌調製・配合変化,11,6,肯定形,,,5,21,皮下注射で投与されるのはどれか。1つ選べ。,BCG ワクチン,インフルエンザワクチン,パクリタキセル注射液,ハロペリドール注射液,フェニトインナトリウム注射液,2,,103-85 103-90 104-83 107-84 107-85 108-82 108-85 109-82 111-81 111-83
103,82,実務,副作用モニタリング・禁忌,8,6,肯定形,,,5,68,添付文書の「警告」や「禁忌」に追加する情報を迅速に伝達するために、厚生労働省の指示のもとに製造販売業者が作成する文書はどれか。1つ選べ。,医療用医薬品製品情報概要,イエローレター,医薬品安全対策情報,医薬品・医療機器等安全性情報,医薬品インタビューフォーム,2,,104-90 106-85 106-86 108-84 110-87 110-90 111-84
103,83,実務,治験・臨床研究の実務,5,5,肯定形,,,5,51,医療機関において治験責任医師の重要な協力者として治験全体の調整を担うスタッフの名称はどれか。1つ選べ。,Clinical Research Associate,Clinical Research Coordinator,Coordinating Investigator,Principal Investigator,Site Management Associate,2,,102-81 104-82 107-81 111-85
103,84,実務,TDM・検査値の活用,2,2,肯定形,,○,5,74,に当てはまる最も適切な臨床検査値はどれか。1つ選べ。がん化学療法などの副作用の1つに骨髄抑制があり、特にが減少すると、感染症の発症リスクが高くなる。,EO （好酸球比率）,SEG （分節核（分葉核）好中球比率）,PLT （血小板数）,RBC（赤血球数）,Hb （ヘモグロビン濃度）,2,,106-87
103,85,実務,注射・無菌調製・配合変化,11,6,否定形,,,5,86,病棟で保管する以下の薬物を含む注射液のうち、夜間や休日等で必要な注意をする医療従事者がいない場合、保管するロッカーや引き出し等に施錠しなければならないのはどれか。1つ選べ。,ゲンタマイシン硫酸塩,コンドロイチン硫酸エステルナトリウム,サリチル酸ナトリウム,フルルビプロフェンアキセチル,ペンタゾシン,5,,103-81 103-90 104-83 107-84 107-85 108-82 108-85 109-82 111-81 111-83
103,86,実務,妊婦・授乳婦・小児への薬物療法,3,3,肯定形,,,5,53,27歳女性。現在、妊娠している。感染性膀胱炎と診断された。治療薬として最も推奨されるのはどれか。1つ選べ。,ミノサイクリン塩酸塩,イトラコナゾール,セフカペンピボキシル塩酸塩,レボフロキサシン水和物,スルファメトキサゾール・トリメトプリム,3,,102-84 105-83
103,87,実務,在宅・地域・セルフメディケーション,10,7,肯定形,,,5,157,地域包括ケアシステムに関する以下の文のに当てはまるのはどれか。1つ選べ。団塊の世代が75歳以上となる2025年を目途に、重度な要介護状態となっても住み慣れた地域で自分らしい暮らしを人生の最後まで続けることができるよう、住まい・医療・介護・・生活支援が一体的に提供される地域包括ケアシステムの構築を実現していきます。,教育,出産,生業,予防,葬祭,4,,102-89 105-90 107-89 108-87 109-83 109-86 110-81 110-84 110-85
103,88,実務,消毒・感染対策,9,8,肯定形,,,5,23,内視鏡の消毒に使用されるのはどれか。1つ選べ。,グルタラール,消毒用エタノール,次亜塩素酸ナトリウム,ベンザルコニウム塩化物,ポビドンヨード,1,,102-86 104-84 105-85 107-86 108-86 108-88 109-88 111-87
103,89,実務,服薬指導・製剤の取扱い,12,9,肯定形,,,5,60,眠気が起こることがあるので、自動車運転等、危険作業を行う際に注意するよう指導する必要性が最も低い薬物はどれか。1つ選べ。,ブロチゾラム,プレガバリン,アモキサピン,d︲クロルフェニラミンマレイン酸塩,安息香酸ナトリウムカフェイン,5,,102-85 105-88 106-82 106-88 107-87 107-88 108-89 109-81 109-85 110-83 111-88
103,90,実務,注射・無菌調製・配合変化,11,6,肯定形,,,5,60,次の抗がん薬のうち、調製者の曝露防止のため、閉鎖式の薬物混合器具を使用して調製する必要性が最も低いのはどれか。1つ選べ。,シスプラチン,シクロホスファミド,ベンダムスチン,イホスファミド,リツキシマブ,5,,103-81 103-85 104-83 107-84 107-85 108-82 108-85 109-82 111-81 111-83
104,1,物理,放射化学,4,3,肯定形,,○,5,38,親核種よりも原子番号が1つ小さい娘核種を生成する放射壊変はどれか。1つ選べ。,a 壊変,b- 壊変,b+ 壊変,c 転移（核異性体転移）,自発核分裂,3,,102-3 104-5 109-3
104,2,物理,容量分析・日局一般試験法,5,5,肯定形,○,,5,137,濃度未知の水酸化ナトリウム水溶液を、0 . 01 mol/L 塩酸標準液（ファクター f = 1 . 020）を用いて滴定したところ、滴定終点までに6 . 10 mL を要した。この水酸化ナトリウム水溶液中の水酸化ナトリウムの量（nmol）として適切なのはどれか。1つ選べ。,59 . 80,59 . 8,61 . 00,62 . 2,62 . 22,4,,102-4 105-2 106-1 108-4
104,3,物理,物質の状態・相平衡,3,3,肯定形,○,○,5,68,図は水の状態を示したものである。点Ｔにおけるギブスの相律の自由度（Ｆ）の値として、正しいのはどれか。1つ選べ。液体圧力固体 Ｔ 気体温度,0,1,2,3,4,1,,103-3 108-1
104,4,物理,電気化学・分子間相互作用,7,5,肯定形,,,5,33,強酸性陽イオン交換樹脂に最も強く結合するイオンはどれか。1つ選べ。,塩化物イオン,カルシウムイオン,グリシン（双性イオン）,硫酸イオン,ナトリウムイオン,2,,102-2 106-4 106-5 109-1 109-2 110-1
104,5,物理,放射化学,4,3,肯定形,,,5,23,反射波を利用する画像診断法はどれか。1つ選べ。,X 線 CT,MRI,超音波診断法,陽電子放射断層撮影法（PET）,単一光子放射断層撮影法（SPECT）,3,,102-3 104-1 109-3
104,6,化学,無機・電子論,6,6,肯定形,,,5,39,炭素原子の最外壳に収容されている電子数が7である反応中間体はどれか。1つ選べ。,H3C－,H3C＋,H3C,H2C （一重項）,H2C （三重項）,3,,103-9 107-9 108-10 109-7 110-7
104,7,化学,酸塩基性・官能基,5,5,肯定形,,○,,58,最も塩基性が強い化合物はどれか。1つ選べ。 NH O H2N NH2 H3C NH2 H3C NH2 N H N N,,,,,,1,,102-10 103-10 110-8 111-6
104,8,化学,立体化学,7,7,肯定形,,○,,127,ブタンの C2︲C3結合を回転させた際に生じる立体配座のうち、最も安定なのはどれか。1つ選べ。 CH3 H H H H3C H CH3 H H H H CH3 CH3 CH3 H H H H H H H H3C H3C H H H H3C H H CH3,,,,,,1,,102-7 103-7 105-9 106-8 107-8 108-9
104,9,化学,芳香族・共役系,4,3,肯定形,,○,,47,ヒスタミンに含まれる複素環はどれか。1つ選べ。 N N N N N N N N H N N H,,,,,,5,,103-8 111-8 111-9
104,10,化学,未分類,6,6,肯定形,,,5,26,ショウガの根茎に含まれる辛味成分はどれか。1つ選べ。,カプサイシン,［6］︲ギンゲロール,a︲サンショオール,シンナムアルデヒド,ピペリン,2,,102-6 106-6 108-7 109-8 110-9
104,11,生物,人体の構造と機能,13,8,肯定形,,○,,40,図は聴覚器の断面の模式図である。1～5のうち、鼓膜はどれか。1つ選べ。耳介外耳道,,,,,,5,,102-11 103-11 104-12 105-11 105-14 108-11 108-12 109-11 109-12 109-14 110-11 111-11
104,12,生物,人体の構造と機能,13,8,肯定形,,,5,46,末梢組織から肝臓へのコレステロールの輸送を主として担う血漿リポタンパク質はどれか。1つ選べ。,キロミクロン,超低密度リポタンパク質（VLDL）,中間密度リポタンパク質（IDL）,低密度リポタンパク質（LDL）,高密度リポタンパク質（HDL）,5,,102-11 103-11 104-11 105-11 105-14 108-11 108-12 109-11 109-12 109-14 110-11 111-11
104,13,生物,遺伝子・分子生物学,10,6,肯定形,,○,,164,RNA を構成する D︲リボースはどれか。1つ選べ。 H HO CH2OH O H OH H H OH H OH HO H CH2OH O H OH H H OH H OH HOH2C O H H H OH H OH H HOH2C O OH HOH2C O CH2OH H H H H H H HO OH OH OH OH H,,,,,,4,,102-13 103-13 104-14 107-13 107-14 110-13 110-14 110-15 111-15
104,14,生物,遺伝子・分子生物学,10,6,肯定形,,,5,49,ヒト染色体において、ヌクレオソームを形成する際に、DNA が巻きつくタンパク質はどれか。1つ選べ。,アクチン,ケラチン,コラーゲン,チューブリン,ヒストン,5,,102-13 103-13 104-13 107-13 107-14 110-13 110-14 110-15 111-15
104,15,生物,免疫,8,7,肯定形,,○,5,41,母乳中で二量体として存在し、乳児の感染防御を担う免疫グロブリンはどれか。1つ選べ。,IgA,IgD,IgE,IgG,IgM,1,,102-15 103-14 105-15 108-13 108-15 109-15 111-13
104,16,衛生,食中毒・食品衛生,19,9,肯定形,,,5,56,次のうち、食品に含まれる硝酸塩と第二級アミンから、消化の過程で胃内において生成する発がん物質はどれか。1つ選べ。,ジメチルニトロソアミン,Trp︲P︲1,アフラトキシン B1,サイカシン,プタキロシド,1,,102-16 102-17 102-18 103-17 103-18 104-17 105-16 105-18 107-17 107-18 107-20 108-18 108-19 108-20 109-20 110-19 110-20 111-21
104,17,衛生,食中毒・食品衛生,19,9,肯定形,,,5,24,感染型食中毒の原因となる細菌はどれか。1つ選べ。,Staphylococcus aureus,Clostridium botulinum,Aspergillus flavus,Kudoa septempunctata,Campylobacter jejuni,5,,102-16 102-17 102-18 103-17 103-18 104-16 105-16 105-18 107-17 107-18 107-20 108-18 108-19 108-20 109-20 110-19 110-20 111-21
104,18,衛生,感染症・予防接種,10,9,肯定形,,,5,24,原虫を病原体とする再興感染症はどれか。1つ選べ。,クリプトスポリジウム症,マラリア,重症急性呼吸器症候群（SARS）,中東呼吸器症候群（MERS）,コレラ,2,,102-19 103-19 105-19 105-20 106-18 108-16 109-17 110-17 111-16
104,19,衛生,予防・保健制度,2,2,肯定形,,,5,50,ロコモティブシンドローム（運動器症候群）の主な要因となる疾患として、最も適切なのはどれか。1つ選べ。,脂質異常症,COPD,高血圧症,骨粗しょう症,逆流性食道炎,4,,103-20
104,20,衛生,保健統計・人口,4,4,否定形,,,5,35,ある地域の1年間の人口動態を調べる際、必要でないのはどれか。1つ選べ。,出生数,死亡数,老年人口,婚姻数,離婚数,3,,105-21 106-16 110-16
104,21,衛生,環境衛生,22,10,肯定形,,,5,47,次のうち、地球温暖化係数は最も小さいが、地球温暖化への寄与度が最も大きいのはどれか。1つ選べ。,メタン,二酸化炭素,一酸化二窒素,ハイドロフルオロカーボン,六フッ化硫黄,2,,102-24 102-25 103-24 103-25 104-24 104-25 105-25 106-23 106-24 106-25 107-25 108-17 108-23 108-24 108-25 109-18 109-25 110-23 110-24 110-25 111-24
104,22,衛生,化学物質の毒性・解毒,20,10,肯定形,,,5,49,化学物質の審査及び製造等の規制に関する法律（化審法）で定める第一種特定化学物質はどれか。1つ選べ。,クロロホルム,四塩化炭素,ポリ塩化ビフェニル,"2 , 3 , 7 , 8︲テトラクロロジベンゾ︲p︲ジオキシン",スクラロース,3,,102-21 103-21 103-22 104-23 105-17 105-22 105-24 106-21 106-22 107-22 107-23 107-24 108-22 109-22 110-18 110-21 111-22 111-23 111-25
104,23,衛生,化学物質の毒性・解毒,20,10,肯定形,,,5,48,湖沼の富栄養化の進行に伴い、アオコを形成する藍藻類が産生し、肝毒性を示す物質はどれか。1つ選べ。,ペンタクロロフェノール,ジクロラミン,ミクロシスチン,ジェオスミン,2︲メチルイソボルネオール,3,,102-21 103-21 103-22 104-22 105-17 105-22 105-24 106-21 106-22 107-22 107-23 107-24 108-22 109-22 110-18 110-21 111-22 111-23 111-25
104,24,衛生,環境衛生,22,10,肯定形,,,5,60,体内組織の酸素欠乏を起こしやすく、建築物環境衛生管理基準が10 ppm 以下となっている室内汚染物質はどれか。1つ選べ。,一酸化炭素,二酸化炭素,アンモニア,二酸化窒素,二酸化硫黄,1,,102-24 102-25 103-24 103-25 104-21 104-25 105-25 106-23 106-24 106-25 107-25 108-17 108-23 108-24 108-25 109-18 109-25 110-23 110-24 110-25 111-24
104,25,衛生,環境衛生,22,10,肯定形,,,5,50,水域における生活環境の保全に関する環境基準において、河川にのみ定められている項目はどれか。1つ選べ。,水素イオン濃度（pH）,生物化学的酸素要求量（BOD）,化学的酸素要求量（COD）,浮遊物質量（SS）,溶存酸素量（DO）,2,,102-24 102-25 103-24 103-25 104-21 104-24 105-25 106-23 106-24 106-25 107-25 108-17 108-23 108-24 108-25 109-18 109-25 110-23 110-24 110-25 111-24
104,26,薬理,薬理学総論,9,5,肯定形,,,5,39,アゴニストの用量︲反応曲線が低用量側にあるほど値が大きいのはどれか。1つ選べ。,ED50,LD50,KD,pA2,pD2,5,,102-26 104-29 104-37 105-26 105-34 105-39 106-26 110-30
104,27,薬理,自律神経作用薬,38,10,肯定形,,,5,54,ムスカリン性アセチルコリン受容体を選択的に刺激することで、消化管や膀胱の運動を亢進するのはどれか。1つ選べ。,ベタネコール,オキシブチニン,チオトロピウム,ネオスチグミン,ピレンゼピン,1,,102-27 102-29 103-26 103-28 103-29 103-30 104-28 104-33 104-40 105-28 105-29 105-37 106-27 106-28 106-35 106-40 107-26 107-27 107-28 107-29 108-27 108-28 108-34 108-36 108-40 109-26 109-27 109-34 109-35 110-26 110-27 110-28 110-29 110-31 111-26 111-33 111-35
104,28,薬理,自律神経作用薬,38,10,肯定形,,,5,66,自律神経節を遮断した時、交感神経節後線維の神経終末からのアセチルコリンの遊離が低下する効果器として、最も適切なのはどれか。1つ選べ。,心臓,汗腺,毛様体,消化管,瞳孔,2,,102-27 102-29 103-26 103-28 103-29 103-30 104-27 104-33 104-40 105-28 105-29 105-37 106-27 106-28 106-35 106-40 107-26 107-27 107-28 107-29 108-27 108-28 108-34 108-36 108-40 109-26 109-27 109-34 109-35 110-26 110-27 110-28 110-29 110-31 111-26 111-33 111-35
104,29,薬理,薬理学総論,9,5,肯定形,,,5,43,メラトニン受容体を刺激することで不眠症における入眠困難を改善するのはどれか。1つ選べ。,ブロモバレリル尿素,ゾルピデム,スボレキサント,リルマザホン,ラメルテオン,5,,102-26 104-26 104-37 105-26 105-34 105-39 106-26 110-30
104,30,薬理,中枢神経作用薬,25,9,肯定形,,,5,45,主に電位依存性 Na+ チャネルを遮断することで抗てんかん作用を示すのはどれか。1つ選べ。,エトスクシミド,ジアゼパム,ラモトリギン,ガバペンチン,フェノバルビタール,3,,102-30 103-27 103-31 103-32 103-33 103-36 104-32 104-34 105-27 105-30 105-31 105-32 106-29 106-30 106-36 107-30 109-28 110-32 110-36 111-27 111-28 111-29 111-30 111-31
104,31,薬理,循環器作用薬,15,9,肯定形,,,5,37,Ca2+ チャネルを遮断することで抗不整脈作用を示すのはどれか。1つ選べ。,アテノロール,フレカイニド,リドカイン,ソタロール,ベラパミル,5,,102-28 102-31 102-32 103-34 103-35 106-33 107-33 107-35 108-31 108-32 109-31 109-33 110-34 111-32
104,32,薬理,中枢神経作用薬,25,9,肯定形,,,5,68,c︲アミノ酪酸 GABAA 受容体のベンゾジアゼピン結合部位に結合し、ベンゾジアゼピン系薬による呼吸抑制を改善するのはどれか。1つ選べ。,デキストロメトルファン,アセチルシステイン,ドキサプラム,フルマゼニル,イプラトロピウム,4,,102-30 103-27 103-31 103-32 103-33 103-36 104-30 104-34 105-27 105-30 105-31 105-32 106-29 106-30 106-36 107-30 109-28 110-32 110-36 111-27 111-28 111-29 111-30 111-31
104,33,薬理,自律神経作用薬,38,10,肯定形,,,5,30,モサプリドによる消化管運動亢進の作用機序はどれか。1つ選べ。,セロトニン5︲HT3受容体遮断,セロトニン5︲HT4受容体刺激,オピオイド n 受容体刺激,アセチルコリンエステラーゼ阻害,ムスカリン性アセチルコリン M3受容体刺激,2,,102-27 102-29 103-26 103-28 103-29 103-30 104-27 104-28 104-40 105-28 105-29 105-37 106-27 106-28 106-35 106-40 107-26 107-27 107-28 107-29 108-27 108-28 108-34 108-36 108-40 109-26 109-27 109-34 109-35 110-26 110-27 110-28 110-29 110-31 111-26 111-33 111-35
104,34,薬理,中枢神経作用薬,25,9,肯定形,,,5,33,カモスタットの急性膵炎治療効果に関わる作用機序はどれか。1つ選べ。,H+，K+︲ATPase 阻害,セロトニン5︲HT3受容体遮断,ヒスタミン H2受容体遮断,タンパク質分解酵素阻害,シクロオキシゲナーゼ阻害,4,,102-30 103-27 103-31 103-32 103-33 103-36 104-30 104-32 105-27 105-30 105-31 105-32 106-29 106-30 106-36 107-30 109-28 110-32 110-36 111-27 111-28 111-29 111-30 111-31
104,35,薬理,未分類,9,6,肯定形,,,5,31,キサンチンオキシダーゼを選択的に阻害するのはどれか。1つ選べ。,ベンズブロマロン,アロプリノール,コルヒチン,ラスブリカーゼ,プロベネシド,2,,102-34 105-33 107-34 107-40 108-26 109-30 109-32 109-38
104,36,薬理,血液・造血薬,5,5,肯定形,,,5,33,サルポグレラートによる血小板凝集抑制の作用機序はどれか。1つ選べ。,プロスタノイド IP 受容体刺激,セロトニン5︲HT2受容体遮断,シクロオキシゲナーゼ阻害,ホスホジエステラーゼⅢ阻害,トロンボキサン合成酵素阻害,2,,102-37 108-33 110-35 111-34
104,37,薬理,薬理学総論,9,5,肯定形,,,5,50,TNF︲a に特異的に結合することで、TNF︲a とその受容体の結合を阻害するのはどれか。1つ選べ。,インフリキシマブ,プレドニゾロン,トシリズマブ,アバタセプト,トファシチニブ,1,,102-26 104-26 104-29 105-26 105-34 105-39 106-26 110-30
104,38,薬理,炎症・アレルギー・免疫薬,5,4,肯定形,,,5,45,プロスタノイド TP 受容体を遮断することで、抗アレルギー作用を示すのはどれか。1つ選べ。,プランルカスト,オザグレル,セラトロダスト,クロモグリク酸,メキタジン,3,,102-38 108-29 108-30 109-29
104,39,薬理,抗菌・抗ウイルス・抗真菌薬,5,5,肯定形,,,5,26,アンピシリンによる抗菌作用の標的はどれか。1つ選べ。,細胞膜リン脂質,DNA 依存性 RNA ポリメラーゼ,リボソーム30S サブユニット,リボソーム50S サブユニット,トランスペプチダーゼ,5,,102-39 109-39 110-39 111-39
104,40,薬理,自律神経作用薬,38,10,肯定形,,○,5,62,以下に示す化学構造の薬物が結合し、鎮痛作用を引き起こす作用点はどれか。1つ選べ。 CH3 H N H HO O H H OH,c︲アミノ酪酸 GABAA 受容体︲Cl- チャネル複合体,ドパミン D2受容体,オピオイド n 受容体,ムスカリン性アセチルコリン受容体,シクロオキシゲナーゼ,3,,102-27 102-29 103-26 103-28 103-29 103-30 104-27 104-28 104-33 105-28 105-29 105-37 106-27 106-28 106-35 106-40 107-26 107-27 107-28 107-29 108-27 108-28 108-34 108-36 108-40 109-26 109-27 109-34 109-35 110-26 110-27 110-28 110-29 110-31 111-26 111-33 111-35
104,41,薬剤,薬物動態パラメータ・計算,26,10,肯定形,,○,5,92,経口投与された薬物のバイオアベイラビリティを表す式はどれか。1つ選べ。ただし、消化管管腔内からの吸収率を Fa、消化管及び肝臓での消失を免れた割合をそれぞれ Fg 及び Fh とする。,Fa・Fg/Fh,Fa・Fg・Fh,Fa・Fg・（1 - Fh）,Fa・（Fg + Fh）,Fa + Fg + Fh,2,,102-44 102-45 102-46 102-47 102-48 103-43 103-46 103-47 104-46 104-47 105-45 105-46 105-47 106-43 106-46 106-47 107-45 108-46 109-46 110-46 110-47 110-48 111-43 111-45 111-46
104,42,薬剤,吸収・膜透過,28,10,肯定形,,,5,19,一次性能動輸送担体はどれか。1つ選べ。,グルコーストランスポーター GLUT1,P︲糖タンパク質 MDR1,有機アニオントランスポーター OAT1,H+/ペプチド共輸送体 PEPT1,Na+/グルコース共輸送体 SGLT2,2,,102-42 102-54 103-41 103-42 103-55 105-41 105-52 105-54 106-41 106-42 106-48 107-41 107-42 107-51 107-55 108-41 108-42 108-54 108-55 109-41 109-42 109-51 110-42 110-54 111-41 111-42 111-52
104,43,薬剤,未分類,6,5,肯定形,,,5,27,母体から胎児への移行性が最も低いのはどれか。1つ選べ。,インスリン,エタノール,グルコース,チオペンタール,バルプロ酸,1,,105-49 105-55 106-51 108-51 110-41
104,44,薬剤,代謝,14,10,肯定形,,,5,37,体内からの消失が主に CYP1A2による代謝である薬物はどれか。1つ選べ。,テオフィリン,デキストロメトルファン,ファモチジン,フェロジピン,ワルファリン,1,,102-43 103-44 103-45 104-55 105-43 105-44 106-44 107-44 108-44 108-47 109-44 110-44 111-44
104,45,薬剤,排泄,7,7,肯定形,,,5,33,ネフロンでの能動的な薬物の分泌を行う主要な部位はどれか。1つ選べ。,遠位尿細管,近位尿細管,糸球体,ヘンレ係蹄上行脚,ボーマン嚢,2,,102-41 106-45 107-46 108-45 109-45 110-45
104,46,薬剤,薬物動態パラメータ・計算,26,10,肯定形,○,,5,113,体内動態が線形1︲コンパートメントモデルに従う薬物100 mg を急速静脈内投与したとき、投与直後の血中濃度が2 mg/L、消失速度定数が0 . 1 hr―1であった。この薬物の全身クリアランス（L/hr）はどれか。1つ選べ。,0 .,2 2,5,7,20,3,,102-44 102-45 102-46 102-47 102-48 103-43 103-46 103-47 104-41 104-47 105-45 105-46 105-47 106-43 106-46 106-47 107-45 108-46 109-46 110-46 110-47 110-48 111-43 111-45 111-46
104,47,薬剤,薬物動態パラメータ・計算,26,10,肯定形,○,○,,166,体内動態が線形1︲コンパートメントモデルに従う薬物を静脈内定速注入したとき、血中濃度は下図のような推移を示した。この薬物の消失半減期（hr）に最も近い値はどれか。1つ選べ。） L m / g n （度濃物薬中血20 15 10 5 0 1 2 2 4 3 6 4 8 5 10 0 2 4 6 8 10 12 14 16時間（hr）,,,,,,1,,102-44 102-45 102-46 102-47 102-48 103-43 103-46 103-47 104-41 104-46 105-45 105-46 105-47 106-43 106-46 106-47 107-45 108-46 109-46 110-46 110-47 110-48 111-43 111-45 111-46
104,48,薬剤,相互作用・TDM,5,5,肯定形,,,5,36,治療薬物モニタリング（TDM）の実施が推奨される薬物はどれか。1つ選べ。,イトラコナゾール,オメプラゾール,バンコマイシン,ベラパミル,モルヒネ,3,,107-47 108-48 109-47 111-47
104,49,薬剤,製剤各論・製剤総則,13,8,肯定形,,○,5,56,日本薬局方に基づき、溶液の濃度を（1 → 10）で表したときの意味として正しいのはどれか。1つ選べ。1固形の薬品,g を溶媒10 mL に溶かす。,液状の薬品1 g を溶媒10 mL に溶かす。,固形の薬品1 g を溶媒に溶かして全量を10 g にする。,液状の薬品1 g を溶媒に溶かして全量を10 g にする。,固形の薬品1 g を溶媒に溶かして全量を10 mL にする。,5,,102-55 103-50 103-52 103-53 104-52 105-53 106-53 106-54 107-52 107-53 109-54 111-53
104,50,薬剤,製剤材料の物性,35,10,肯定形,,,5,35,点眼剤の保存剤として利用される陽イオン性界面活性剤はどれか。1つ選べ。,ラウリル硫酸ナトリウム,レシチン,タウロコール酸,ベンザルコニウム塩化物,ラウロマクロゴール,4,,102-50 102-51 102-52 102-53 103-48 103-49 103-51 103-54 104-51 104-53 104-54 105-48 105-50 106-49 106-50 106-52 107-48 107-49 108-49 108-50 108-52 108-53 109-49 109-50 109-52 109-53 110-49 110-50 110-51 110-52 111-48 111-49 111-50 111-51
104,51,薬剤,製剤材料の物性,35,10,肯定形,,,5,33,せん断応力の増加に伴い、みかけ粘度が増大するのはどれか。1つ選べ。,ビンガム流動,準塑性流動,ダイラタント流動,準粘性流動,ニュートン流動,3,,102-50 102-51 102-52 102-53 103-48 103-49 103-51 103-54 104-50 104-53 104-54 105-48 105-50 106-49 106-50 106-52 107-48 107-49 108-49 108-50 108-52 108-53 109-49 109-50 109-52 109-53 110-49 110-50 110-51 110-52 111-48 111-49 111-50 111-51
104,52,薬剤,製剤各論・製剤総則,13,8,肯定形,,,5,19,皮膚に適用する液剤はどれか。1つ選べ。,エリキシル剤,シロップ剤,パップ剤,リニメント剤,リモナーデ剤,4,,102-55 103-50 103-52 103-53 104-49 105-53 106-53 106-54 107-52 107-53 109-54 111-53
104,53,薬剤,製剤材料の物性,35,10,肯定形,,,5,41,日本薬局方に規定されている全ての注射剤の安全性の確保に必須なのはどれか。1つ選べ。,等張化剤の添加,着色剤の添加,保存剤の添加,エンドトキシンの除去,無菌性の保証,5,,102-50 102-51 102-52 102-53 103-48 103-49 103-51 103-54 104-50 104-51 104-54 105-48 105-50 106-49 106-50 106-52 107-48 107-49 108-49 108-50 108-52 108-53 109-49 109-50 109-52 109-53 110-49 110-50 110-51 110-52 111-48 111-49 111-50 111-51
104,54,薬剤,製剤材料の物性,35,10,肯定形,,,5,28,日本薬局方の溶出試験法が適用されるのはどれか。1つ選べ。,透析用剤,坐剤,軟膏剤,点耳剤,散剤,5,,102-50 102-51 102-52 102-53 103-48 103-49 103-51 103-54 104-50 104-51 104-53 105-48 105-50 106-49 106-50 106-52 107-48 107-49 108-49 108-50 108-52 108-53 109-49 109-50 109-52 109-53 110-49 110-50 110-51 110-52 111-48 111-49 111-50 111-51
104,55,薬剤,代謝,14,10,肯定形,,,5,52,消化管吸収後、体内で CYP2A6によって代謝され、抗悪性腫瘍作用を示すプロドラッグはどれか。1つ選べ。,テガフール,イリノテカン,ドキシフルリジン,サラゾスルファピリジン,アラセプリル,1,,102-43 103-44 103-45 104-44 105-43 105-44 106-44 107-44 108-44 108-47 109-44 110-44 111-44
104,56,病態・薬物治療,腎・泌尿器疾患,5,5,肯定形,,,5,30,腎機能の低下などにより尿量が減少する症候はどれか。1つ選べ。,残尿,尿失禁,乏尿,尿閉,血尿,3,,103-69 106-62 109-63 111-60
104,57,病態・薬物治療,消化器・肝疾患,3,3,肯定形,,,5,22,肝硬変で高値を示す検査値はどれか。1つ選べ。,血小板数,血清アルブミン濃度,血清総コレステロール濃度,血清 c︲グロブリン濃度,血清コリンエステラーゼ活性,4,,106-63 108-62
104,58,病態・薬物治療,副作用・薬剤性疾患,18,9,肯定形,,○,5,73,第Ⅱ誘導により得られた心電図（下図）において、QT 間隔に当たるのはどれか。1つ選べ。 ａ ｂ ｃ ｄ ｅ V m 5 . 0 0 . 2 sec,ａ～ｄ間,ａ～ｅ間,ｂ～ｄ間,ｂ～ｅ間,ｃ～ｄ間,2,,103-68 103-70 105-58 106-56 106-68 107-57 108-58 108-60 108-65 108-66 108-69 109-59 109-61 110-57 110-58 111-57 111-65
104,59,病態・薬物治療,がん,13,9,肯定形,,○,5,28,食道がんの腫瘍マーカーとして有用なのはどれか。1つ選べ。,AFP,NSE,SCC 抗原,PIVKA︲Ⅱ,CA 15︲3,3,,102-56 102-63 102-66 103-56 104-65 105-57 105-59 106-67 107-67 108-56 110-68 111-67
104,60,病態・薬物治療,循環器疾患,14,6,否定形,,,5,35,右心不全を伴わない左心不全の主な症状に該当しないのはどれか。1つ選べ。,急性肺水腫,下肢浮腫,呼吸困難,血圧低下,尿量減少,2,,102-57 102-60 102-69 105-56 105-63 108-59 108-61 108-63 108-68 110-56 110-59 111-58 111-68
104,61,病態・薬物治療,精神・神経疾患,16,8,否定形,,,5,30,てんかん発作のうち、意識障害を伴わないのはどれか。1つ選べ。,脱力発作,単純部分発作,欠神発作,複雑部分発作,強直間代発作,2,,102-61 103-60 104-62 105-62 106-58 106-59 106-64 107-58 107-59 107-60 107-61 107-62 109-56 109-57 110-60
104,62,病態・薬物治療,精神・神経疾患,16,8,肯定形,,,5,78,客観的な危険が存在しないのに、急な不安に襲われ、動悸、呼吸困難、めまいなどの自律神経症状を伴い、通常30分以内に症状が改善する不安神経症はどれか。1つ選べ。,全般性不安障害,外傷後ストレス障害,強迫性障害,パニック障害,解離性障害,4,,102-61 103-60 104-61 105-62 106-58 106-59 106-64 107-58 107-59 107-60 107-61 107-62 109-56 109-57 110-60
104,63,病態・薬物治療,感染症,12,8,肯定形,,,5,24,細菌感染が原因となる皮膚疾患はどれか。1つ選べ。,蜂窩織炎,アトピー性皮膚炎,尋常性乾癬,帯状疱疹,じん麻疹,1,,102-64 102-65 104-66 105-67 106-65 106-66 108-67 109-67 110-65 110-70 111-61
104,64,病態・薬物治療,呼吸器・アレルギー疾患,12,7,肯定形,,,5,45,免疫複合体が組織に沈着することによって引き起こされるアレルギー反応の型はどれか。1つ選べ。,Ⅰ型,Ⅱ型,Ⅲ型,Ⅳ型,Ⅰ型とⅡ型の複合型,3,,102-62 103-61 103-62 104-69 105-61 105-64 105-70 107-66 108-64 110-61 110-67
104,65,病態・薬物治療,がん,13,9,肯定形,,,5,34,がんに伴う疼痛のうち、プレガバリンが最も有効なのはどれか。1つ選べ。,神経障害による痛み,臓器へのがん浸潤による痛み,術後の創部の痛み,消化管閉塞による痛み,骨転移による痛み,1,,102-56 102-63 102-66 103-56 104-59 105-57 105-59 106-67 107-67 108-56 110-68 111-67
104,66,病態・薬物治療,感染症,12,8,肯定形,,,5,32,菌交代現象による偽膜性大腸炎の代表的な起因菌はどれか。1つ選べ。,Streptococcus pneumoniae,Clostridium difficile,Mycobacterium tuberculosis,Salmonella typhi,Vibrio cholerae,2,,102-64 102-65 104-63 105-67 106-65 106-66 108-67 109-67 110-65 110-70 111-61
104,67,病態・薬物治療,医薬品情報・EBM,11,7,否定形,,,5,42,要指導医薬品及び一般用医薬品の添付文書への記載項目に該当しないのはどれか。1つ選べ。,製品の特徴,使用上の注意,効能又は効果,臨床成績,用法及び用量,4,,102-67 103-66 104-68 104-70 107-68 107-69 109-68 109-70 110-69 111-70
104,68,病態・薬物治療,医薬品情報・EBM,11,7,肯定形,,,5,50,学術論文収載雑誌の評価指標で、掲載された研究論文の被引用数に基づいて算出される値はどれか。1つ選べ。,リスクファクター,インパクトファクター,国際標準図書番号（ISBN）,デジタルオブジェクト識別子（DOI）,フェイススケール,2,,102-67 103-66 104-67 104-70 107-68 107-69 109-68 109-70 110-69 111-70
104,69,病態・薬物治療,呼吸器・アレルギー疾患,12,7,肯定形,,,5,38,気管支喘息の発作治療薬（リリーバー）として用いられる薬物はどれか。1つ選べ。,フルチカゾンプロピオン酸エステル,カルテオロール塩酸塩,アゼラスチン塩酸塩,モンテルカストナトリウム,プロカテロール塩酸塩水和物,5,,102-62 103-61 103-62 104-64 105-61 105-64 105-70 107-66 108-64 110-61 110-67
104,70,病態・薬物治療,医薬品情報・EBM,11,7,否定形,,,5,44,問題志向型システム（POS）による問題解決の過程として、該当しないのはどれか。1つ選べ。,患者情報の収集,情報の公開,問題の明確化,初期計画の立案,計画の実施,2,,102-67 103-66 104-67 104-68 107-68 107-69 109-68 109-70 110-69 111-70
104,71,法規・制度・倫理,医療保険・介護保険,14,8,肯定形,,,5,27,薬剤師に関する記述のうち、正しいのはどれか。1つ選べ。,薬剤師の免許の効力は、薬剤師国家試験に合格した時から生じる。,薬剤師以外の者が調剤を行うことは、例外なく禁止されている。,薬剤師名簿への登録を行えば、自動的に保険薬剤師として登録される。,薬剤師でなければ、薬剤師又はこれにまぎらわしい名称を用いてはならない。,薬剤師の品位を損するような行為を行っても、免許を取り消されることはない。,4,,102-76 102-78 105-73 106-78 106-79 108-73 108-77 108-78 109-79 110-77 111-72 111-78 111-79
104,72,法規・制度・倫理,販売制度・リスク区分,4,3,否定形,,,5,26,店舗販売業において販売できないのはどれか。1つ選べ。,要指導医薬品,第一類医薬品,第二類医薬品,第三類医薬品,処方箋医薬品,5,,103-76 109-76 109-78
104,73,法規・制度・倫理,毒薬・劇薬・毒物劇物,5,5,肯定形,,,5,57,特定生物由来製品について、直接の容器又は直接の被包に記載しなければならない「特生物」の表示方法はどれか。1つ選べ。,白地に赤枠、赤字,白地に赤枠、黒字,白地に黒枠、黒字,白地に黒枠、赤字,赤地に白字（枠なし）,3,,103-79 105-72 107-75 110-74
104,74,法規・制度・倫理,薬剤師法,13,8,肯定形,○,,5,65,医療の担い手が医療を提供するに当たり、適切な説明を行い、医療を受ける者の理解を得るよう努めることを求めているのはどれか。1つ選べ。,医薬品医療機器等法,医師法,健康保険法,医療法,薬剤師法,4,,102-72 102-73 102-75 105-79 106-72 106-73 107-71 107-72 107-78 108-71 109-73 110-71
104,75,法規・制度・倫理,麻薬・向精神薬・覚醒剤,9,6,肯定形,,,5,30,都道府県知事の免許を受けることが必要なのはどれか。1つ選べ。,麻薬製剤業者,麻薬輸出業者,麻薬輸入業者,麻薬小売業者,麻薬製造業者,4,,105-71 105-77 106-75 106-76 106-77 107-76 109-77 111-77
104,76,法規・制度・倫理,薬機法・医薬品の分類,18,9,否定形,,,5,42,製造物責任法の対象にならないのはどれか。1つ選べ。ただし、免責事由はないものとする。,一般用医薬品,血液製剤,要指導医薬品,薬局製造販売医薬品,調剤された薬剤,5,,103-73 103-74 103-80 104-78 105-75 105-78 105-80 106-80 107-77 108-76 109-74 109-75 110-72 110-73 110-75 111-71 111-75
104,77,法規・制度・倫理,医療法・医療提供体制,7,7,否定形,,,5,28,地域における薬局の役割に該当しないのはどれか。1つ選べ。,在宅医療への参画,地域住民の健康診断,医薬品の販売・調剤,生活習慣病等の健康相談応需,薬物乱用防止活動,2,,102-74 103-72 105-76 107-80 110-76 111-74
104,78,法規・制度・倫理,薬機法・医薬品の分類,18,9,肯定形,,,5,29,医薬品の GLP の説明として正しいのはどれか。1つ選べ。,医薬品の製造管理及び品質管理の基準,医薬品の臨床試験の実施の基準,医薬品の安全性に関する非臨床試験の実施の基準,医薬品の製造販売後安全管理の基準,医薬品の適正な流通管理の基準,3,,103-73 103-74 103-80 104-76 105-75 105-78 105-80 106-80 107-77 108-76 109-74 109-75 110-72 110-73 110-75 111-71 111-75
104,79,法規・制度・倫理,倫理・臨床研究,9,8,否定形,,,5,25,生命倫理の四原則に含まれないのはどれか。1つ選べ。,善行原則,正義原則,自律尊重原則,優生原則,無危害原則,4,,102-79 103-77 103-78 106-71 107-79 108-79 109-72 110-78
104,80,法規・制度・倫理,コミュニケーション・患者中心の医療,7,6,肯定形,,,5,30,コミュニケーションにおける言語メッセージはどれか。1つ選べ。,手話,対人距離,声の調子,姿勢,表情,1,,102-80 108-80 109-71 109-80 110-80 111-80
104,81,実務,服薬タイミング・投与計画,6,4,否定形,,,5,22,7日間連日服用できないのはどれか。1つ選べ。,アトルバスタチンカルシウム水和物,アムロジピンベシル酸塩,葉酸,メトトレキサート,メトホルミン塩酸塩,4,,104-85 104-87 105-82 110-82 111-89
104,82,実務,治験・臨床研究の実務,5,5,否定形,,,5,34,臨床試験を遂行するに当たり、公開してはいけないのはどれか。1つ選べ。,利益相反,被験者個人情報,研究資金源,主要評価項目,倫理的配慮,2,,102-81 103-83 107-81 111-85
104,83,実務,注射・無菌調製・配合変化,11,6,否定形,,,5,51,以下の薬物を主薬とする注射剤のうち、一般病棟での病棟在庫の医薬品として適切でないのはどれか。1つ選べ。,ヒドロコルチゾンコハク酸エステルナトリウム,インスリンヒト（遺伝子組換え）,クロルフェニラミンマレイン酸塩,塩化カリウム,アトロピン硫酸塩水和物,4,,103-81 103-85 103-90 107-84 107-85 108-82 108-85 109-82 111-81 111-83
104,84,実務,消毒・感染対策,9,8,肯定形,,,5,41,次亜塩素酸ナトリウムを含む洗剤と混ぜた時に有毒ガスが発生するのはどれか。1つ選べ。,アルカノイルオキシベンゼンスルホン酸ナトリウムを含むアルカリ性洗剤,過酸化水素を含む酸性洗剤,塩酸を含む酸性洗剤,アルキルスルホン酸ナトリウムを含む酸性洗剤,イソチアゾリン系抗菌剤を含む中性洗剤,3,,102-86 103-88 105-85 107-86 108-86 108-88 109-88 111-87
104,85,実務,服薬タイミング・投与計画,6,4,肯定形,,○,5,213,処方箋には先発医薬品が記載されていたが、患者が後発医薬品を希望した。そこで、後発医薬品の分割調剤1回目として7日分の調剤を行った。次回、残りをこの後発医薬品で調剤する場合に必要な最大錠数はどれか。1つ選べ。なお、処方箋には変更不可の記載はない。（処方）ムコダイン®錠250 mg 1回2錠（1日6錠）1日3回朝昼夕食後28日分（分割調剤1回目） L︲カルボシステイン錠500 mg 1回1錠（1日3錠）1日3回朝昼夕食後7日分,21錠,42錠,63錠,84錠,126錠,3,,104-81 104-87 105-82 110-82 111-89
104,86,実務,医薬品管理・保管,9,5,肯定形,,,5,155,Common Terminology Criteria for Adverse Events（CTCAE）は、米国 National Cancer Institute（NCI）が主導し世界共通で使用されることを意図して作成された Ａ に関しての共通用語規準である。Ａに入る語句として正しいのはどれか。1つ選べ。,効果発現,有害事象,予後予測,製品回収,品質管理,2,,102-82 102-88 104-89 105-81 105-84 105-86 107-83 109-87
104,87,実務,服薬タイミング・投与計画,6,4,肯定形,,○,5,133,下記の処方に従って薬剤調製した後の鑑査で指摘すべき項目はどれか。1つ選べ。なお、投薬びんと処方薬剤は無色透明である。（処方）アンブロキソール塩酸塩シロップ0 . 3％1回2 mL（1日6 mL）1日3回朝昼夕食後8日分60 mL の投薬びん3 mL の目盛付スポイト,遮光の必要性,薬剤の総量,計量カップの必要性,薬札（ラベル）の必要性,投薬びんにおける服用量の目盛の必要性,4,,104-81 104-85 105-82 110-82 111-89
104,88,実務,調剤・処方箋,9,7,肯定形,,,5,35,廃棄時に麻薬取締員又は保健所職員の立会いが必要なのはどれか。1つ選べ。,有効期限切れとなった在庫麻薬,調剤済みで返却された麻薬,手術室で施用後に残った麻薬,患者が床に落下させた麻薬,入院時に持参して不用になった麻薬,1,,102-83 102-87 105-87 106-90 108-83 109-84 109-90 110-86
104,89,実務,医薬品管理・保管,9,5,肯定形,,,5,57,薬剤服用歴管理記録の記述法の1つとして SOAP がある。このうち、「O」の表現として正しいのはどれか。1つ選べ。,Objective data,Optimal data,Outbreak data,Outcome data,Outstanding data,1,,102-82 102-88 104-86 105-81 105-84 105-86 107-83 109-87
104,90,実務,副作用モニタリング・禁忌,8,6,肯定形,,,5,43,副作用として特に CK（クレアチニンキナーゼ）上昇に注意するのはどれか。1 1つ選べ。,アセトアミノフェン,ゲフィチニブ,プラバスタチンナトリウム,チクロピジン塩酸塩,ジゴキシン,3,,103-82 106-85 106-86 108-84 110-87 110-90 111-84
105,1,物理,分析の基礎・バリデーション,10,6,肯定形,,,,57,以下のガラス器具のうち、溶質を溶媒に溶かして正確に一定の液量の溶液を調製するために用いられるのはどれか。1つ選べ。,,,,,,2,,102-1 103-5 105-3 105-4 106-2 106-3 108-3 108-5 111-5
105,2,物理,容量分析・日局一般試験法,5,5,肯定形,,,5,57,日本薬局方アスピリンの逆滴定による定量法で使用する標準液で、ファクターの値が必要なのはどれか。1つ選べ。1 0 .,mol/L エチレンジアミン四酢酸二水素二ナトリウム液,0 . 1 mol/L 硝酸銀液,0 . 5 mol/L 水酸化ナトリウム液,0 . 1 mol/L チオ硫酸ナトリウム液,0 . 25 mol/L 硫酸,5,,102-4 104-2 106-1 108-4
105,3,物理,分析の基礎・バリデーション,10,6,肯定形,○,○,5,41,次の原子のうち、核スピンをもたない（核スピン量子数 = 0）のはどれか。1つ選べ。,1H,12C,13C,14N,15N,2,,102-1 103-5 105-1 105-4 106-2 106-3 108-3 108-5 111-5
105,4,物理,分析の基礎・バリデーション,10,6,肯定形,○,○,6,101,元素の原子量を H = 1 . 0079、C = 12 . 0107、O = 15 . 9994、Pb = 207 . 2とするとき、酢酸鉛（Ⅱ）の式量の有効数字の桁数として正しいのはどれか。1つ選べ。,3,4,5,6,7,2,,102-1 103-5 105-1 105-3 106-2 106-3 108-3 108-5 111-5
105,5,物理,熱力学,6,5,肯定形,,,5,94,混合物中の一つの成分の化学ポテンシャルは、圧力と温度が一定の条件下、混合物中にその成分を1 mol 加えたときの、系全体のの変化量として定義される。にあてはまる熱力学量はどれか。1つ選べ。,内部エネルギー,エンタルピー,エントロピー,ギブズエネルギー,ヘルムホルツエネルギー,4,,103-1 103-4 107-2 108-2 110-2
105,6,化学,有機反応,6,5,肯定形,,○,,72,メチルカチオンのルイス構造式として正しいのはどれか。1つ選べ。 H H C+ H H H C- H H CH H H +CH H H -CH H,,,,,,4,,102-8 106-7 106-9 109-9 111-7
105,7,化学,命名法・構造決定,4,3,肯定形,,○,5,52,以下に示す薬物の IUPAC 名として正しいのはどれか。1つ選べ。 HO H H N CH3 H CH3,（1S，2S）︲1︲Methylamino︲2︲phenylpropan︲2︲ol,（1S，2R）︲1︲Methylamino︲2︲phenylpropan︲2︲ol,（1S，2S）︲2︲Methylamino︲1︲phenylpropan︲1︲ol,（1R，2S）︲1︲Methyl︲1︲methylamino︲2︲phenylethan︲2︲ol,（1S，2S）︲2︲Methyl︲2︲methylamino︲1︲phenylethan︲1︲ol,3,,107-6 107-7 109-6
105,8,化学,医薬品の構造,4,4,肯定形,,,5,173,下線部で示した化合物のうち、塩素原子の酸化数が +1なのはどれか。1つ選べ。 ⒜次亜塩素酸ナトリウムは漂白剤として用いられる化合物の1つである。その水溶液に⒝塩酸を加えると⒞塩化ナトリウムを生じると同時に有毒な⒟塩素ガスを発生する。また、次亜塩素酸ナトリウムを40～50 ℃で保存すると、塩化ナトリウム及び爆発性をもつ⒠塩素酸ナトリウムを生じる。,ａ,ｂ,ｃ,ｄ,ｅ,1,,102-9 103-6 108-6
105,9,化学,立体化学,7,7,肯定形,,○,,126,以下に示すイノシトールの立体異性体のうち、キラルなのはどれか。1つ選べ。 OH OH OH OH HO HO OH OH OH OH HO OH HO OH HO OH HO OH OH HO OH HO HO HO OH OH OH OH OH OH,,,,,,4,,102-7 103-7 104-8 106-8 107-8 108-9
105,10,化学,生薬・天然物,6,6,肯定形,,○,,149,次の生薬成分のうち、シキミ酸経路で生合成されるのはどれか。1つ選べ。 H3CO CHO N H3CO H3CO H3CO パパベリンシンナムアルデヒド OH O OH CH3 HO CH3 OH O エモジン H3C CH3 l︲メントール O CH3 O O H CH3 H H CH3サントニン,,,,,,2,,106-10 107-10 108-8 109-10 111-10
105,11,生物,人体の構造と機能,13,8,肯定形,,○,,34,下図はヒトの腎臓の断面を示す。1～5のうち、腎盂はどれか。1つ選べ。,,,,,,4,,102-11 103-11 104-11 104-12 105-14 108-11 108-12 109-11 109-12 109-14 110-11 111-11
105,12,生物,未分類,6,5,肯定形,,○,,327,セルロースの構造として正しいのはどれか。1つ選べ。 HO HO O O HO O O HO HO HO HO OH HO HO OH O O O O O O OH OH OH OH HO OH HO HO OH O O NHCOCH3 O O O O OH OH OH OH O O HO OH HO HO OH O O NHCOCH3 O O OH HO O O OH NHCOCH3 NHCOCH3 -OSO3 O OH O NHCOCH3 O OSO3 O NHSO3 O O COO- OH OSO3 -OSO3 COO- OH O O OH O O OH HO HO OH O O OH HO OH O O OH HO OH OH O O OH,,,,,,5,,102-12 103-12 106-11 106-13 110-12
105,13,生物,ホルモン・情報伝達,4,4,肯定形,,○,,120,副腎髄質ホルモンの生合成過程において、アドレナリンの前駆体として利用されるのはどれか。1つ選べ。 CO2H H NH2 CO2H H NH2 HO N N H CO2H N H H2N CO2H H NH2 S H3C CO2H H NH2,,,,,,1,,106-12 107-11 109-13
105,14,生物,人体の構造と機能,13,8,肯定形,,,5,32,胚性幹細胞（ES 細胞）の樹立に用いられるのはどれか。1つ選べ。,精子,原始卵胞,造血幹細胞,皮膚の線維芽細胞,初期胚の内部細胞塊,5,,102-11 103-11 104-11 104-12 105-11 108-11 108-12 109-11 109-12 109-14 110-11 111-11
105,15,生物,免疫,8,7,肯定形,,,5,32,主たる発症機序がⅣ型アレルギーに分類されるのはどれか。1つ選べ。,スギ花粉症,アトピー性皮膚炎,薬剤性溶血性貧血,接触性皮膚炎,糸球体腎炎,4,,102-15 103-14 104-15 108-13 108-15 109-15 111-13
105,16,衛生,食中毒・食品衛生,19,9,肯定形,,○,,97,図の1～5は、油脂の自動酸化が始まってから停止反応に至るまでの酸価、過酸化物価、カルボニル価、チオバルビツール酸試験値及びヨウ素価の経時変化を示している。過酸化物価はどれか。1つ選べ。測定値時間,,,,,,2,,102-16 102-17 102-18 103-17 103-18 104-16 104-17 105-18 107-17 107-18 107-20 108-18 108-19 108-20 109-20 110-19 110-20 111-21
105,17,衛生,化学物質の毒性・解毒,20,10,肯定形,,,5,70,食品の安全性に係るリスク分析の3要素（リスク評価、リスク管理、リスクコミュニケーション）のうち、リスク評価を担う行政機関はどれか。1つ選べ。,厚生労働省,農林水産省,環境省,消費者庁,内閣府食品安全委員会,5,,102-21 103-21 103-22 104-22 104-23 105-22 105-24 106-21 106-22 107-22 107-23 107-24 108-22 109-22 110-18 110-21 111-22 111-23 111-25
105,18,衛生,食中毒・食品衛生,19,9,肯定形,,,5,34,食中毒を引き起こす自然毒のうち、植物に由来するのはどれか。1つ選べ。,サキシトキシン,シガトキシン,チャコニン,ジノフィシストキシン,テトロドトキシン,3,,102-16 102-17 102-18 103-17 103-18 104-16 104-17 105-16 107-17 107-18 107-20 108-18 108-19 108-20 109-20 110-19 110-20 111-21
105,19,衛生,感染症・予防接種,10,9,肯定形,,,5,82,感染症法＊により、病原体に汚染された場所に消毒等の対物措置が必要とされる感染症はどれか。1つ選べ。 ＊感染症法：感染症の予防及び感染症の患者に対する医療に関する法律,麻しん,ヘルパンギーナ,腸管出血性大腸菌感染症,マイコプラズマ肺炎,クリプトスポリジウム症,3,,102-19 103-19 104-18 105-20 106-18 108-16 109-17 110-17 111-16
105,20,衛生,感染症・予防接種,10,9,肯定形,,,5,42,人工栄養にすることで、母乳を介した母子感染を防ぐことができる疾患はどれか。1つ選べ。,風しん,梅毒,淋菌感染症,カンジダ症,成人 T 細胞白血病,5,,102-19 103-19 104-18 105-19 106-18 108-16 109-17 110-17 111-16
105,21,衛生,保健統計・人口,4,4,肯定形,,,5,42,平成28年における我が国の死因別死亡率の第2位に該当する死因はどれか。1 1つ選べ。,自殺,不慮の事故,肺炎,心疾患,悪性新生物,4,,104-20 106-16 110-16
105,22,衛生,化学物質の毒性・解毒,20,10,肯定形,,,5,29,Ames 試験に用いられる微生物の菌株はどれか。1つ選べ。,トリプトファン要求性酵母変異株,トリプトファン要求性大腸菌変異株,トリプトファン要求性ネズミチフス菌変異株,ヒスチジン非要求性ネズミチフス菌変異株,ヒスチジン要求性ネズミチフス菌変異株,5,,102-21 103-21 103-22 104-22 104-23 105-17 105-24 106-21 106-22 107-22 107-23 107-24 108-22 109-22 110-18 110-21 111-22 111-23 111-25
105,23,衛生,栄養・食事摂取基準,10,7,肯定形,,○,,83,図に示した a︲トコフェロールの構造において、ラジカル捕捉作用を示す部位はどれか。1つ選べ。 H3C HO CH3 CH3 O CH3 CH3 CH3 CH3 CH3,,,,,,1,,103-16 103-23 106-20 107-16 107-19 108-21 109-19 111-18 111-19
105,24,衛生,化学物質の毒性・解毒,20,10,肯定形,,,5,76,化審法＊において、化学物質が生物濃縮を受けやすいかどうかを調べるのに適した試験はどれか。1つ選べ。 ＊化審法：化学物質の審査及び製造等の規制に関する法律,マウスを用いた単回投与毒性試験,ヒメダカを用いた急性毒性試験,ミジンコを用いた急性遊泳阻害試験,活性汚泥を用いた微生物分解度試験,1︲オクタノール/水分配係数測定試験,5,,102-21 103-21 103-22 104-22 104-23 105-17 105-22 106-21 106-22 107-22 107-23 107-24 108-22 109-22 110-18 110-21 111-22 111-23 111-25
105,25,衛生,環境衛生,22,10,肯定形,,,5,38,生物化学的酸素要求量（BOD）を測定する際に用いる試験法はどれか。1つ選べ。,ウインクラー法,酸性高温過マンガン酸法,オルトフェナントロリン法,重量法,インドフェノール法,1,,102-24 102-25 103-24 103-25 104-21 104-24 104-25 106-23 106-24 106-25 107-25 108-17 108-23 108-24 108-25 109-18 109-25 110-23 110-24 110-25 111-24
105,26,薬理,薬理学総論,9,5,肯定形,,,5,42,アゴニストの作用点に結合するが、受容体の恒常的活性を減弱させるのはどれか。1つ選べ。,非受容体アンタゴニスト,部分アゴニスト,逆アゴニスト,競合的アンタゴニスト,非競合的アンタゴニスト,3,,102-26 104-26 104-29 104-37 105-34 105-39 106-26 110-30
105,27,薬理,中枢神経作用薬,25,9,肯定形,,,5,43,強酸性下でも活性を示すため、胃炎や消化性潰瘍に用いられる局所麻酔薬はどれか。1つ選べ。,オキセサゼイン,プロカイン,メピバカイン,ブピバカイン,レボブピバカイン,1,,102-30 103-27 103-31 103-32 103-33 103-36 104-30 104-32 104-34 105-30 105-31 105-32 106-29 106-30 106-36 107-30 109-28 110-32 110-36 111-27 111-28 111-29 111-30 111-31
105,28,薬理,自律神経作用薬,38,10,肯定形,,○,5,33,腎臓の傍糸球体細胞で、レニン分泌を抑制する機序はどれか。1つ選べ。,アドレナリン a1受容体刺激,アドレナリン a1受容体遮断,アドレナリン a2受容体遮断,アドレナリン b1受容体刺激,アドレナリン b1受容体遮断,5,,102-27 102-29 103-26 103-28 103-29 103-30 104-27 104-28 104-33 104-40 105-29 105-37 106-27 106-28 106-35 106-40 107-26 107-27 107-28 107-29 108-27 108-28 108-34 108-36 108-40 109-26 109-27 109-34 109-35 110-26 110-27 110-28 110-29 110-31 111-26 111-33 111-35
105,29,薬理,自律神経作用薬,38,10,肯定形,,○,5,115,図は自律神経節における節後線維の細胞体の膜電位変化を示す。速い興奮性シナプス後電位に関わるのはどれか。1つ選べ。位電膜経神後節速い興奮性シナプス後電位活動電位遅い興奮性シナプス後電位節前神経の刺激静止膜電位抑制性シナプス後電位時間,ムスカリン性アセチルコリン受容体,ニコチン性アセチルコリン受容体,電位依存性 Ca2+ チャネル,電位依存性 K+ チャネル,電位依存性 Na+ チャネル,2,,102-27 102-29 103-26 103-28 103-29 103-30 104-27 104-28 104-33 104-40 105-28 105-37 106-27 106-28 106-35 106-40 107-26 107-27 107-28 107-29 108-27 108-28 108-34 108-36 108-40 109-26 109-27 109-34 109-35 110-26 110-27 110-28 110-29 110-31 111-26 111-33 111-35
105,30,薬理,中枢神経作用薬,25,9,肯定形,,,5,39,セロトニン5︲HT1B/1D 受容体を刺激する片頭痛治療薬はどれか。1つ選べ。,ロメリジン,チザニジン,スマトリプタン,バクロフェン,デュロキセチン,3,,102-30 103-27 103-31 103-32 103-33 103-36 104-30 104-32 104-34 105-27 105-31 105-32 106-29 106-30 106-36 107-30 109-28 110-32 110-36 111-27 111-28 111-29 111-30 111-31
105,31,薬理,中枢神経作用薬,25,9,肯定形,,,5,48,ベンゾジアゼピン骨格を有し、筋弛緩作用に基づく転倒などの副作用が少ない催眠薬はどれか。1つ選べ。,クアゼパム,ゾルピデム,ゾピクロン,リルマザホン,トリアゾラム,1,,102-30 103-27 103-31 103-32 103-33 103-36 104-30 104-32 104-34 105-27 105-30 105-32 106-29 106-30 106-36 107-30 109-28 110-32 110-36 111-27 111-28 111-29 111-30 111-31
105,32,薬理,中枢神経作用薬,25,9,肯定形,,,5,51,抗不安作用とともに、ヒスタミン H1受容体の遮断による抗アレルギー作用を併せもつのはどれか。1つ選べ。,エチゾラム,ヒドロキシジン,エスシタロプラム,タンドスピロン,クロルジアゼポキシド,2,,102-30 103-27 103-31 103-32 103-33 103-36 104-30 104-32 104-34 105-27 105-30 105-31 106-29 106-30 106-36 107-30 109-28 110-32 110-36 111-27 111-28 111-29 111-30 111-31
105,33,薬理,未分類,9,6,肯定形,,,5,35,Rho キナーゼを阻害して血管平滑筋を弛緩させるのはどれか。1つ選べ。,ニコランジル,タダラフィル,ファスジル,ロメリジン,リオシグアト,3,,102-34 104-35 107-34 107-40 108-26 109-30 109-32 109-38
105,34,薬理,薬理学総論,9,5,肯定形,,,5,44,IL︲6（インターロイキン︲6）受容体に対するモノクローナル抗体はどれか。1 1つ選べ。,アダリムマブ,バシリキシマブ,インフリキシマブ,トシリズマブ,ゴリムマブ,4,,102-26 104-26 104-29 104-37 105-26 105-39 106-26 110-30
105,35,薬理,呼吸器・消化器薬,5,4,肯定形,,,5,52,"K+ と競合して H+, K+︲ATPase を可逆的に阻害し、胃酸分泌を抑制するのはどれか。1つ選べ。",エソメプラゾール,ラフチジン,ピレンゼピン,ボノプラザン,ポラプレジンク,4,,107-36 107-37 108-35 111-36
105,36,薬理,内分泌・代謝薬,24,9,肯定形,,,5,28,メテノロンのタンパク質同化作用の機序はどれか。1つ選べ。,アロマターゼ阻害,エストロゲン受容体刺激,ペルオキシダーゼ阻害,バソプレシン V2受容体刺激,アンドロゲン受容体刺激,5,,102-33 102-35 102-36 103-37 103-38 103-39 105-38 106-31 106-32 106-34 106-37 107-32 107-38 107-39 108-37 108-38 108-39 109-36 109-37 110-37 111-37 111-38 111-40
105,37,薬理,自律神経作用薬,38,10,否定形,,○,,165,アドレナリン a1、a2及び b1受容体に作用し、b2受容体及びドパミン D1受容体にはほとんど作用しないのはどれか。1つ選べ。 HO HO CH2CHCOOH NH2 HO CH2CH2NH2 HO HO HO CHCH2NH2 OH HO HO CHCH2NHCH3 OH HO HO CH3 CHCH2NHCH CH3 OH,,,,,,3,,102-27 102-29 103-26 103-28 103-29 103-30 104-27 104-28 104-33 104-40 105-28 105-29 106-27 106-28 106-35 106-40 107-26 107-27 107-28 107-29 108-27 108-28 108-34 108-36 108-40 109-26 109-27 109-34 109-35 110-26 110-27 110-28 110-29 110-31 111-26 111-33 111-35
105,38,薬理,内分泌・代謝薬,24,9,肯定形,,,5,88,脂肪組織での TG（トリグリセリド）の分解を阻害して肝臓への遊離脂肪酸の取込みを抑制し、肝臓における VLDL（超低密度リポタンパク質）の産生を低下させるのはどれか。1つ選べ。,ニコモール,アトルバスタチン,コレスチラミン,イコサペント酸エチル,クロフィブラート,1,,102-33 102-35 102-36 103-37 103-38 103-39 105-36 106-31 106-32 106-34 106-37 107-32 107-38 107-39 108-37 108-38 108-39 109-36 109-37 110-37 111-37 111-38 111-40
105,39,薬理,薬理学総論,9,5,肯定形,,,5,58,RANKL（NF︲lB 活性化受容体リガンド）に特異的に結合し、破骨細胞による骨吸収を抑制するのはどれか。1つ選べ。,メナテトレノン,デノスマブ,エルカトニン,テリパラチド,エルデカルシトール,2,,102-26 104-26 104-29 104-37 105-26 105-34 106-26 110-30
105,40,薬理,抗がん薬・免疫,8,7,肯定形,,,5,26,抗悪性腫瘍薬ノギテカンの作用機序はどれか。1つ選べ。,トポイソメラーゼⅠ阻害,トポイソメラーゼⅡ阻害,微小管タンパク質重合促進,ピリミジン代謝拮抗,葉酸代謝拮抗,1,,102-40 103-40 106-39 107-31 109-40 110-33 110-40
105,41,薬剤,吸収・膜透過,28,10,肯定形,,○,,114,弱酸性薬物について、pH 分配仮説に従った消化管吸収を表す図はどれか。1つ選べ。分子形薬物：AH イオン形薬物：A 管腔側小腸上皮細胞血液側密着結合 AH A AH A AH A AH A AH A AH A AH A AH A,,,,,,1,,102-42 102-54 103-41 103-42 103-55 104-42 105-52 105-54 106-41 106-42 106-48 107-41 107-42 107-51 107-55 108-41 108-42 108-54 108-55 109-41 109-42 109-51 110-42 110-54 111-41 111-42 111-52
105,42,薬剤,分布,9,5,肯定形,,○,,79,図は脳毛細血管の断面を模式的に示したものである。1～6のうち、P︲糖タンパク質の局在と機能を表すのはどれか。1つ選べ。ただし、矢印は薬物の輸送方向を示す。血液,,,,,,2,,105-51 107-43 107-50 107-54 108-43 109-43 109-48 110-43
105,43,薬剤,代謝,14,10,肯定形,,,5,23,薬物代謝における第Ⅱ相反応はどれか。1つ選べ。,アルキル化,加水分解,還元,酸化,抱合,5,,102-43 103-44 103-45 104-44 104-55 105-44 106-44 107-44 108-44 108-47 109-44 110-44 111-44
105,44,薬剤,代謝,14,10,肯定形,,,5,30,CYP3A4の活性を不可逆的に阻害するのはどれか。1つ選べ。,イソニアジド,エリスロマイシン,シメチジン,ファモチジン,リファンピシン,2,,102-43 103-44 103-45 104-44 104-55 105-43 106-44 107-44 108-44 108-47 109-44 110-44 111-44
105,45,薬剤,薬物動態パラメータ・計算,26,10,肯定形,,○,,57,図の1～5のうち、イヌリンの血漿中濃度と腎クリアランスとの関係を示すのはどれか。1つ選べ。スンラアリク腎血漿中濃度,,,,,,3,,102-44 102-45 102-46 102-47 102-48 103-43 103-46 103-47 104-41 104-46 104-47 105-46 105-47 106-43 106-46 106-47 107-45 108-46 109-46 110-46 110-47 110-48 111-43 111-45 111-46
105,46,薬剤,薬物動態パラメータ・計算,26,10,肯定形,,○,,180,体内動態が線形1︲コンパートメントモデルに従う薬物について、静脈内投与時の投与量に等しいのはどれか。1つ選べ。ただし、このときの血中濃度時間曲線下面積を AUC とし、全身クリアランスは CL tot、分布容積は Vd とする。1 CL tot・AUC 2 CL tot・Vd 3 CL tot・AUC・Vd CLtot・Vd AUC CLtot AUC・Vd,,,,,,1,,102-44 102-45 102-46 102-47 102-48 103-43 103-46 103-47 104-41 104-46 104-47 105-45 105-47 106-43 106-46 106-47 107-45 108-46 109-46 110-46 110-47 110-48 111-43 111-45 111-46
105,47,薬剤,薬物動態パラメータ・計算,26,10,肯定形,,,5,62,体内動態が線形1︲コンパートメントモデルに従う薬物を、消失半減期ごとに同量繰り返し投与した場合の蓄積率はどれか。1つ選べ。1,. 3,1 . 5,1 . 7,2 . 0,4 . 0,4,,102-44 102-45 102-46 102-47 102-48 103-43 103-46 103-47 104-41 104-46 104-47 105-45 105-46 106-43 106-46 106-47 107-45 108-46 109-46 110-46 110-47 110-48 111-43 111-45 111-46
105,48,薬剤,製剤材料の物性,35,10,肯定形,,,5,49,濃度0 . 01 mol/kg の水溶液にしたとき、凝固点降下度が最も大きいのはどれか。1つ選べ。,D︲グルコース,L︲アスコルビン酸ナトリウム,L︲ロイシン,塩化カルシウム,塩化ナトリウム,4,,102-50 102-51 102-52 102-53 103-48 103-49 103-51 103-54 104-50 104-51 104-53 104-54 105-50 106-49 106-50 106-52 107-48 107-49 108-49 108-50 108-52 108-53 109-49 109-50 109-52 109-53 110-49 110-50 110-51 110-52 111-48 111-49 111-50 111-51
105,49,薬剤,未分類,6,5,肯定形,,○,5,56,一定温度の水に溶解したとき、表面張力が図中のＡの挙動を示す物質はどれか。1つ選べ。 Ａ 純水表面張力0物質の濃度,1︲オクタノール,エタノール,塩化ナトリウム,パルミチン酸,ラウリル硫酸ナトリウム,3,,104-43 105-55 106-51 108-51 110-41
105,50,薬剤,製剤材料の物性,35,10,肯定形,,,5,54,フォークトモデルにおいて、一定の力をかけ続けたときのひずみが時間経過とともに増加する現象はどれか。1つ選べ。,応力緩和,クリープ,クリーミング,ダイラタンシー,チキソトロピー,2,,102-50 102-51 102-52 102-53 103-48 103-49 103-51 103-54 104-50 104-51 104-53 104-54 105-48 106-49 106-50 106-52 107-48 107-49 108-49 108-50 108-52 108-53 109-49 109-50 109-52 109-53 110-49 110-50 110-51 110-52 111-48 111-49 111-50 111-51
105,51,薬剤,分布,9,5,肯定形,,,5,57,製剤に汎用される高分子のうち、温水に溶けて粘稠なゾルとなり、冷やすとゲル化する天然由来の高分子はどれか。1つ選べ。,アルブミン,結晶セルロース,ゼラチン,ヒプロメロース,ポビドン,3,,105-42 107-43 107-50 107-54 108-43 109-43 109-48 110-43
105,52,薬剤,吸収・膜透過,28,10,肯定形,,,5,63,日本薬局方において、「経口投与する、糖類又は甘味剤を含む粘稠性のある液状又は固形の製剤」と定義されているのはどれか。1つ選べ。,ガム剤,リモナーデ剤,経口フィルム剤,経口ゼリー剤,シロップ剤,5,,102-42 102-54 103-41 103-42 103-55 104-42 105-41 105-54 106-41 106-42 106-48 107-41 107-42 107-51 107-55 108-41 108-42 108-54 108-55 109-41 109-42 109-51 110-42 110-54 111-41 111-42 111-52
105,53,薬剤,製剤各論・製剤総則,13,8,肯定形,,○,,170,図は湿式顆粒圧縮法による錠剤の製造工程を示している。図中のアの単位操作で用いられる装置はどれか。1つ選べ。粉砕混合練合ア乾燥整粒混合打錠モーター高速攪拌羽根低速攪拌羽根ボールモーター上下可動容器試料投入口モータースクリュースクリーン羽根試料投入口モーター試料取出し口試料取出し口熱風送風器試料アトマイザー排気サイクロン捕集器微粉試料取出し口,,,,,,4,,102-55 103-50 103-52 103-53 104-49 104-52 106-53 106-54 107-52 107-53 109-54 111-53
105,54,薬剤,吸収・膜透過,28,10,肯定形,,○,5,137,図に示す構造を有し、医療用医薬品として用いられている製剤の適用部位はどれか。1つ選べ。乳糖及びヒドロキシプロピルセルロースを含む支持層7 mm トリアムシノロンアセトニド、ヒドロキシプロピルセルロース及びカルボキシビニルポリマーを含む付着層0 . 7 mm 0 . 4 mm,口腔,子宮,直腸,皮膚,眼,1,,102-42 102-54 103-41 103-42 103-55 104-42 105-41 105-52 106-41 106-42 106-48 107-41 107-42 107-51 107-55 108-41 108-42 108-54 108-55 109-41 109-42 109-51 110-42 110-54 111-41 111-42 111-52
105,55,薬剤,未分類,6,5,肯定形,,,5,61,遺伝子組換え医薬品のうち、標的細胞表面に発現している抗原タンパク質を認識して結合し、抗腫瘍効果を示すのはどれか。1つ選べ。,アルテプラーゼ,エポエチンアルファ,グルカゴン,ニボルマブ,ペグビソマント,4,,104-43 105-49 106-51 108-51 110-41
105,56,病態・薬物治療,循環器疾患,14,6,肯定形,,,5,35,「ショック」という用語で表される状態として適切なのはどれか。1つ選べ。,一過性の意識消失,組織間液の増加による臓器不全,酸素欠乏による血中の還元型ヘモグロビン上昇,急激に発生する組織循環不全,心拍の乱れによる不快感,4,,102-57 102-60 102-69 104-60 105-63 108-59 108-61 108-63 108-68 110-56 110-59 111-58 111-68
105,57,病態・薬物治療,がん,13,9,肯定形,,,5,30,小細胞肺がんの腫瘍マーカーとして有用なのはどれか。1つ選べ。,PIVKA︲Ⅱ（protein induced by vitamin K absence or antagonist︲Ⅱ）,PSA（prostate specific antigen）,CYFRA21︲1（cytokeratin 19 fragment）,CEA（carcinoembryonic antigen）,NSE（neuron specific enolase）,5,,102-56 102-63 102-66 103-56 104-59 104-65 105-59 106-67 107-67 108-56 110-68 111-67
105,58,病態・薬物治療,副作用・薬剤性疾患,18,9,肯定形,,,5,28,横紋筋融解症で高値を示す血液検査所見はどれか。1つ選べ。,白血球数,血小板数,ビリルビン値,アルブミン値,ミオグロビン値,5,,103-68 103-70 104-58 106-56 106-68 107-57 108-58 108-60 108-65 108-66 108-69 109-59 109-61 110-57 110-58 111-57 111-65
105,59,病態・薬物治療,がん,13,9,肯定形,,,5,33,フィラデルフィア染色体が高頻度に認められる疾患はどれか。1つ選べ。,急性骨髄性白血病,慢性骨髄性白血病,成人 T 細胞白血病,悪性リンパ腫,多発性骨髄腫,2,,102-56 102-63 102-66 103-56 104-59 104-65 105-57 106-67 107-67 108-56 110-68 111-67
105,60,病態・薬物治療,産婦人科・小児・皮膚眼科ほか,6,6,肯定形,,,5,25,切迫早産の治療に用いられる薬物はどれか。1つ選べ。,オキシトシン,クロミフェンクエン酸塩,クロルマジノン酢酸エステル,メチルエルゴメトリンマレイン酸塩,リトドリン塩酸塩,5,,102-70 107-63 109-66 110-64 111-64
105,61,病態・薬物治療,呼吸器・アレルギー疾患,12,7,肯定形,,,5,29,気管支喘息に関する記述のうち、正しいのはどれか。1つ選べ。,アトピー型では血中好酸球数が増加する。,発作は昼間に起こることが多い。,発作時には気管支が弛緩する。,発作時にはピークフローが増加する。,発作時には起坐位より臥位のほうが呼吸が楽になる。,1,,102-62 103-61 103-62 104-64 104-69 105-64 105-70 107-66 108-64 110-61 110-67
105,62,病態・薬物治療,精神・神経疾患,16,8,肯定形,,,5,47,骨格筋の壊死と再生を繰り返し、徐々に筋萎縮や筋力低下が進行する遺伝性の疾患はどれか。1つ選べ。,重症筋無力症,筋ジストロフィー,皮膚筋炎,多発性硬化症,ギラン・バレー症候群,2,,102-61 103-60 104-61 104-62 106-58 106-59 106-64 107-58 107-59 107-60 107-61 107-62 109-56 109-57 110-60
105,63,病態・薬物治療,循環器疾患,14,6,肯定形,,,5,24,活動電位持続時間を短縮するのはどれか。1つ選べ。,アミオダロン,ジソピラミド,ソタロール,フレカイニド,メキシレチン,5,,102-57 102-60 102-69 104-60 105-56 108-59 108-61 108-63 108-68 110-56 110-59 111-58 111-68
105,64,病態・薬物治療,呼吸器・アレルギー疾患,12,7,肯定形,,,5,30,アトピー性皮膚炎の初期治療として適切なのはどれか。1つ選べ。,タクロリムス水和物の内服,テルビナフィン塩酸塩の外用,ヒドロコルチゾン酪酸エステルの外用,モンテルカストナトリウムの内服,ナジフロキサシンの外用,3,,102-62 103-61 103-62 104-64 104-69 105-61 105-70 107-66 108-64 110-61 110-67
105,65,病態・薬物治療,免疫・膠原病・血液疾患,8,8,肯定形,,,5,42,全身性エリテマトーデス（SLE）の症状として発現頻度が最も低いのはどれか。1つ選べ。,低体温,光線（日光）過敏症,関節痛,蝶形紅斑,口腔内潰瘍,1,,102-58 103-64 106-61 107-56 108-57 109-60 111-66
105,66,病態・薬物治療,緩和・疼痛管理,1,1,肯定形,,,5,30,モルヒネ換算比が最も小さい医療用麻薬製剤はどれか。1つ選べ。,オキシコドン塩酸塩水和物徐放錠,トラマドール塩酸塩錠,メサドン塩酸塩錠,フェンタニルクエン酸塩注射液,フェンタニル貼付剤,4,,
105,67,病態・薬物治療,感染症,12,8,肯定形,,,5,29,クラミジアに関する記述のうち、正しいのはどれか。1つ選べ。,淋病の起因菌である。,細胞内寄生菌である。,細胞壁にペプチドグリカンを有する。,宿主はダニである。,感染症には b︲ラクタム系抗菌薬が有効である。,2,,102-64 102-65 104-63 104-66 106-65 106-66 108-67 109-67 110-65 110-70 111-61
105,68,病態・薬物治療,臨床統計・研究デザイン,8,7,肯定形,○,,5,78,データ値の分布が正規分布に従う場合、「平均値 ! 1 . 96 × 標準偏差」の範囲にデータ全体の約％が含まれる。に入る数値に最も近いのはどれか。1つ選べ。,5,50,67,95,99,4,,102-68 103-67 105-69 106-70 108-70 109-69 111-69
105,69,病態・薬物治療,臨床統計・研究デザイン,8,7,肯定形,,○,6,37,研究のデザインを、エビデンスのレベルが高い順に並べたのはどれか。1つ選べ。,コホート研究,症例集積研究2無作為化比較試験2コホート研究2無作為化比較試験2症例集積研究,症例集積研究2コホート研究2無作為化比較試験,症例集積研究2無作為化比較試験2コホート研究,無作為化比較試験2コホート研究2症例集積研究6無作為化比較試験2症例集積研究2コホート研究,5,,102-68 103-67 105-68 106-70 108-70 109-69 111-69
105,70,病態・薬物治療,呼吸器・アレルギー疾患,12,7,肯定形,,,5,46,喘息患者の薬剤管理指導記録のうち、SOAP の S として記載すべきものはどれか。1つ選べ。,両側肺で喘鳴が聴取される。,咳き込んでつらく、夜も眠れなかった。,点滴加療を必要とする。,明日も改善がなければ来院を指示する。,薬剤の吸入が正しくできているかを確認する。,2,,102-62 103-61 103-62 104-64 104-69 105-61 105-64 107-66 108-64 110-61 110-67
105,71,法規・制度・倫理,麻薬・向精神薬・覚醒剤,9,6,肯定形,,,5,49,薬局開設者が、都道府県知事に別段の申出をしない限り、免許を受けたとみなされるのはどれか。1つ選べ。,向精神薬輸入業者,向精神薬輸出業者,向精神薬製造製剤業者,向精神薬使用業者,向精神薬小売業者,5,,104-75 105-77 106-75 106-76 106-77 107-76 109-77 111-77
105,72,法規・制度・倫理,毒薬・劇薬・毒物劇物,5,5,肯定形,,,,92,毒薬は、直接の容器又は直接の被包に「 ① 地に ② 枠、 ② 字をもって、品名及び「毒」の文字」を記載する。色の組合せとして正しいのはどれか。1つ選べ。 ① 黒白赤白黄 ② 白黒白赤黒,,,,,,1,,103-79 104-73 107-75 110-74
105,73,法規・制度・倫理,医療保険・介護保険,14,8,否定形,,,5,30,国民医療費の増加要因として、適切でないのはどれか。1つ選べ。,医療技術の高度化,疾病構造の変化,高齢化社会の急速な進行,介護保険制度の創設,医療供給体制の整備,4,,102-76 102-78 104-71 106-78 106-79 108-73 108-77 108-78 109-79 110-77 111-72 111-78 111-79
105,74,法規・制度・倫理,安全対策・救済制度,3,3,肯定形,,○,5,70,以下の略語のうち、医薬品の開発段階から安全対策を実施することで、製造販売後の医薬品の安全性の確保を図ることを目的とするのはどれか。1つ選べ。,DPC,EBM,IRB,RMP,SDG,4,,110-79 111-76
105,75,法規・制度・倫理,薬機法・医薬品の分類,18,9,肯定形,,,5,40,法律において、条件及び期限付き承認の仕組みが規定されているのはどれか。1つ選べ。,医薬品,医療機器,医薬部外品,再生医療等製品,化粧品,4,,103-73 103-74 103-80 104-76 104-78 105-78 105-80 106-80 107-77 108-76 109-74 109-75 110-72 110-73 110-75 111-71 111-75
105,76,法規・制度・倫理,医療法・医療提供体制,7,7,肯定形,,,5,43,医療法の規定に基づく「医療計画」を定めることが義務づけられているのはどれか。1つ選べ。,厚生労働省,都道府県,地方厚生局,保健所,市区町村,2,,102-74 103-72 104-77 107-80 110-76 111-74
105,77,法規・制度・倫理,麻薬・向精神薬・覚醒剤,9,6,肯定形,,,5,24,覚せい剤取締法で規制されるのはどれか。1つ選べ。,大麻,モルヒネ,亜硝酸イソブチル,フェニルアミノプロパン,ペンタゾシン,4,,104-75 105-71 106-75 106-76 106-77 107-76 109-77 111-77
105,78,法規・制度・倫理,薬機法・医薬品の分類,18,9,肯定形,,,5,26,治験に関する記述のうち、正しいのはどれか。1つ選べ。,GLP を遵守する必要がある。,医療機器の試験も含まれる。,健常人に対する試験では、安全性より試験の実施が優先される場合がある。,製造販売業者から依頼されなければ実施できない。,実施施設内に治験審査委員会を設置する義務がある。,2,,103-73 103-74 103-80 104-76 104-78 105-75 105-80 106-80 107-77 108-76 109-74 109-75 110-72 110-73 110-75 111-71 111-75
105,79,法規・制度・倫理,薬剤師法,13,8,肯定形,,,5,57,薬剤師が業務上知り得た人の秘密を漏らすと、秘密漏示罪に問われる場合があるが、その根拠となる法律はどれか。1つ選べ。,民法,薬剤師法,刑法,医薬品医療機器等法,個人情報の保護に関する法律（個人情報保護法）,3,,102-72 102-73 102-75 104-74 106-72 106-73 107-71 107-72 107-78 108-71 109-73 110-71
105,80,法規・制度・倫理,薬機法・医薬品の分類,18,9,肯定形,,,5,32,希少疾病用医薬品に関する記述のうち、適切なのはどれか。1つ選べ。,指定難病の患者に対する治療薬のことである。,国が主体となって製品化を行う。,指定された後に、取り消されることはない。,承認されるまで、指定されたことは公開されない。,他の医薬品に優先して承認審査を受けられる。,5,,103-73 103-74 103-80 104-76 104-78 105-75 105-78 106-80 107-77 108-76 109-74 109-75 110-72 110-73 110-75 111-71 111-75
105,81,実務,医薬品管理・保管,9,5,肯定形,,,5,25,薬局薬剤師の役割として正しいのはどれか。1つ選べ。,入院患者の薬物療法を決定する。,国民の主体的な健康管理を支援する。,医師の指示に基づき、在宅患者に治療行為をする。,親交のある患者に対し、供給不足の医薬品を優先的に配分する。,来局者の健康診断の結果から糖尿病の早期診断をする。,2,,102-82 102-88 104-86 104-89 105-84 105-86 107-83 109-87
105,82,実務,服薬タイミング・投与計画,6,4,肯定形,,○,5,187,患児に対する以下の処方箋を持参した母親より、「前回、量が多すぎて全部飲ませるのにとても苦労した」と相談を受けた。そこで、医師と協議の結果、薬剤の規格を変更し、調剤することとなった。（処方）アモキシシリン水和物細粒10％1回2 . 6 g（1日7 . 8 g）1日3回朝昼夕食後4日分上記薬剤の規格を20％に変更して調剤する場合、秤量する全量として正しいのはどれか。1つ選べ。,5 .,g 2 10 . 4 g,15 . 6 g,31 . 2 g,62 . 4 g,3,,104-81 104-85 104-87 110-82 111-89
105,83,実務,妊婦・授乳婦・小児への薬物療法,3,3,肯定形,,,,79,器官形成期に該当し、薬剤による催奇形性のリスクが最も高いと考えられる妊娠週はどれか。1つ選べ。1 2週未満2 2～3週3 4～7週4 8～12週5 13週以降,,,,,,3,,102-84 103-86
105,84,実務,医薬品管理・保管,9,5,肯定形,,,5,35,日本薬局方で規定されている温度の範囲として正しいのはどれか。1つ選べ。,常温とは10～30 ℃である。,室温とは1～30 ℃である。,微温とは20～30 ℃である。,冷水とは20 ℃以下の水である。,温湯とは40～50 ℃の水である。,2,,102-82 102-88 104-86 104-89 105-81 105-86 107-83 109-87
105,85,実務,消毒・感染対策,9,8,肯定形,○,,5,65,「消毒用エタノール」のエタノール濃度の範囲は日本薬局方に規定されている。その規定内のエタノール濃度（vol％）はどれか。1つ選べ。,20,30,50,80,99,4,,102-86 103-88 104-84 107-86 108-86 108-88 109-88 111-87
105,86,実務,医薬品管理・保管,9,5,肯定形,,,5,37,薬局間で譲渡を行う際、譲受・譲渡の記録が法律上必要なのはどれか。1つ選べ。,化粧品,医薬部外品,第二類医薬品,指定第二類医薬品,第二種向精神薬,5,,102-82 102-88 104-86 104-89 105-81 105-84 107-83 109-87
105,87,実務,調剤・処方箋,9,7,否定形,,,5,35,健康サポート薬局の活動・業務内容として適切でないのはどれか。1つ選べ。,アドヒアランスの悪い患者に対して、残薬を入れる袋を渡した上で来局してもらい、服薬状況を確認した。,健康相談で来局した地域住民の家庭血圧が高いことを確認したため、降圧剤を調剤した。,市販の医薬品を使用しても体調の改善が見られなかった地域住民に対して受診勧奨した。,地域住民に対して、医薬品の適正使用に関する講演を行った。,地域住民から介護サービスに関する相談があったため、地域包括支援センターを紹介した。,2,,102-83 102-87 104-88 106-90 108-83 109-84 109-90 110-86
105,88,実務,服薬指導・製剤の取扱い,12,9,肯定形,,,5,79,在宅訪問し、薬剤管理指導を実施するにあたり、医師から入手した診療情報提供書の内容を踏まえて、薬剤師が策定し、必要に応じて見直しをしていくのはどれか。1つ選べ。,サービス提供に係わる重要事項説明書,居宅療養管理指導契約書,薬学的管理指導計画書,訪問薬剤管理指導報告書,訪問薬剤管理指導記録簿,3,,102-85 103-89 106-82 106-88 107-87 107-88 108-89 109-81 109-85 110-83 111-88
105,89,実務,チーム医療・病棟業務,5,5,肯定形,,,5,29,壊死組織を除去して創部を清浄化する行為はどれか。1つ選べ。,ドレナージ,スクラビング,トリアージ,デ・エスカレーション,デブリードマン,5,,106-81 107-82 108-81 109-89
105,90,実務,在宅・地域・セルフメディケーション,10,7,肯定形,,,5,75,学校薬剤師の業務として教室内の空気検査がある。シックハウス症候群の原因物質の1つで、室内空気中濃度に関する基準値が設定されているのはどれか。1つ選べ。,二酸化炭素,ベンゼン,ホルムアルデヒド,窒素酸化物,硫黄酸化物,3,,102-89 103-87 107-89 108-87 109-83 109-86 110-81 110-84 110-85
106,1,物理,容量分析・日局一般試験法,5,5,肯定形,,,5,38,日本薬局方一般試験法において、次の装置が用いられる試験法はどれか。1つ選べ。,融点測定法,沸点測定法及び蒸留試験法,凝固点測定法,屈折率測定法,比重及び密度測定法,2,,102-4 104-2 105-2 108-4
106,2,物理,分析の基礎・バリデーション,10,6,肯定形,,○,5,33,単位に関する記述のうち、正しいのはどれか。1つ選べ。1 1 m は,× 108 nm である。,1 kg は1 × 106 ng である。,1 mg/kg は10 ppm である。,1％は1 × 104 ppm である。,1 nmol/100 mL は1 × 103 pmol/L である。,4,,102-1 103-5 105-1 105-3 105-4 106-3 108-3 108-5 111-5
106,3,物理,分析の基礎・バリデーション,10,6,肯定形,,,5,75,医薬品の分析法バリデーションにおいて、試料中に共存すると考えられる物質の存在下で、分析対象物を正確に測定する能力を示すパラメーターはどれか。1つ選べ。,検出限界,真度,精度,直線性,特異性,5,,102-1 103-5 105-1 105-3 105-4 106-2 108-3 108-5 111-5
106,4,物理,電気化学・分子間相互作用,7,5,肯定形,,,5,43,塩化水素（気体）の H 原子と Cl 原子の間の結合として正しいのはどれか。1つ選べ。,共有結合,イオン結合,水素結合,金属結合,疎水結合,1,,102-2 104-4 106-5 109-1 109-2 110-1
106,5,物理,電気化学・分子間相互作用,7,5,否定形,,,5,36,イオン間にはたらくクーロン力の特徴として誤っているのはどれか。1つ選べ。,媒質の比誘電率に反比例する。,イオン間の距離に反比例する。,イオンのもつ電荷の大きさに比例する。,同じ符号の電荷をもつイオン間では斥力となる。,真空中で最も強くなる。,2,,102-2 104-4 106-4 109-1 109-2 110-1
106,6,化学,未分類,6,6,肯定形,,,,94,第二級アミンはどれか。1つ選べ。 CH3CHCH2NH2 CH3CH2CHNH2 CH3CH2CH2NH CH3CH2C NH2 CH3CH2C NHCH3 CH3 CH3 CH3 O O,,,,,,3,,102-6 104-10 108-7 109-8 110-9
106,7,化学,有機反応,6,5,肯定形,,○,,86,求核剤に対する反応性が最も高いカルボニル化合物はどれか。1つ選べ。 O O O H3C H H3C CH3 H3C O O O O CH3 H3C Cl H3C O CH3,,,,,,4,,102-8 105-6 106-9 109-9 111-7
106,8,化学,立体化学,7,7,否定形,,○,5,93,日本薬局方酒石酸（Ａ）及びその鏡像異性体Ｂに関する記述のうち、誤っているのはどれか。1つ選べ。なお、Ａの水溶液（1 → 10）は右旋性である。 H OH CO2H HO2C H OH A,Ａは（+）︲酒石酸である。,ＡとＢの融点は同じである。,ＡとＢの等量混合物はラセミ体である。,ＡとＢの比旋光度の絶対値は同じである。,Ａ及びＢ以外に立体異性体が2つ存在する。,5,,102-7 103-7 104-8 105-9 107-8 108-9
106,9,化学,有機反応,6,5,肯定形,,○,5,129,エステルの加水分解の反応機構における電子対の動きを表す矢印のうち、塩基の働きを示すのはどれか。1つ選べ。 O H3C OCH2CH3 H3C ア -OH -O イ OCH2CH3 OH O H3C O H ウエ H3C -OH O オ O- -O H3C O,ア,イ,ウ,エ,オ,4,,102-8 105-6 106-7 109-9 111-7
106,10,化学,生薬・天然物,6,6,肯定形,,○,,294,カンゾウに含まれ、偽アルドステロン症の原因となる成分はどれか。1つ選べ。 O HO H CH3 H3C H H3C HO H3C O O H3C O O H OH O O H H OH OH OH H3C COOH O H3C CH3 H CH3 H CH3 O O O H H3C H CH3 O H HOOC HO HOOC HO HO HO O OH COOCH3 H O HO OH H O HOOC HO HO HO HO O OH O OH O HO O OH O HO HO OH O OH O O OH H H COOH COOH HO HO OH O OH O O OH,,,,,,2,,105-10 107-10 108-8 109-10 111-10
106,11,生物,未分類,6,5,肯定形,,○,,33,ヒトの胃及びその周辺の模式図において、幽門はどれか。1つ選べ。食道,,,,,,4,,102-12 103-12 105-12 106-13 110-12
106,12,生物,ホルモン・情報伝達,4,4,肯定形,,,5,29,副腎皮質の束状層から分泌されるホルモンはどれか。1つ選べ。,コルチゾール,アルドステロン,テストステロン,ノルアドレナリン,アドレナリン,1,,105-13 107-11 109-13
106,13,生物,未分類,6,5,肯定形,,○,,83,タンパク質で作られた線維性の構造物の上皮細胞内外の分布を図で示した。矢印で示した構造が微小管である図はどれか。1つ選べ。2 3 4図中の灰色の丸（）は、細胞核を示す。,,,,,,2,,102-12 103-12 105-12 106-11 110-12
106,14,生物,酵素,3,3,肯定形,,○,,227,Michaelis︲Menten の速度論に従う酵素について、至適温度における基質濃度 ［S］と反応初速度 v の関係、及び、この酵素のミカエリス定数 K m と最大反応速度 V max を示したグラフとして正しいのはどれか。1つ選べ。 v 2 Km 2 Vmax ［S］ ［S］ Km 2 Km Km ［S］ 2 2 v Vmax Vmax v Vmax Vmax 2 2 v Vmax Vmax v Vmax Vmax Km ［S］ ［S］ 2 Km,,,,,,1,,103-15 108-14
106,15,生物,微生物,4,4,肯定形,,,5,26,真菌に関する記述として、正しいのはどれか。1つ選べ。,原核生物である。,芽胞を形成する。,細胞壁の主成分はセルロースである。,コレステロールを合成する。,80S リボソームを有する。,5,,102-14 107-15 111-14
106,16,衛生,保健統計・人口,4,4,肯定形,,,5,32,世界保健機関（WHO）が推奨している健康指標はどれか。1つ選べ。,出生率,年齢調整死亡率,有病率,平均寿命,PMI（50歳以上死亡割合）,5,,104-20 105-21 110-16
106,17,衛生,疫学・EBM,4,3,肯定形,,,5,50,医薬品の有効性・安全性に関する以下の疫学研究のうち、エビデンスレベルが最も高いのはどれか。1つ選べ。,無作為化比較試験,横断的研究,症例対照研究,コホート研究,症例報告,1,,106-19 109-16 111-17
106,18,衛生,感染症・予防接種,10,9,肯定形,,,5,34,ヘリコバクター・ピロリ感染との関連性が最も高いのはどれか。1つ選べ。,肺がん,肝がん,胃がん,大腸がん,子宮がん,3,,102-19 103-19 104-18 105-19 105-20 108-16 109-17 110-17 111-16
106,19,衛生,疫学・EBM,4,3,肯定形,,,5,42,新生児マススクリーニング対象疾患のうち、年間の発見数が最も多いのはどれか。1つ選べ。,ホモシスチン尿症,フェニルケトン尿症,メープルシロップ尿症,クレチン症,ガラクトース血症,4,,106-17 109-16 111-17
106,20,衛生,栄養・食事摂取基準,10,7,肯定形,,,5,56,日本人の平均摂取量が、「日本人の食事摂取基準（2015年版）」における「目標量」よりも多いのはどれか。1つ選べ。,炭水化物,飽和脂肪酸,コレステロール,カリウム,食物繊維,2,,103-16 103-23 105-23 107-16 107-19 108-21 109-19 111-18 111-19
106,21,衛生,化学物質の毒性・解毒,20,10,肯定形,,,5,21,大腸がんのプロモーターはどれか。1つ選べ。,12︲O︲テトラデカノイルホルボール︲13︲アセテート（TPA）,食塩,デオキシコール酸,フェノバルビタール,"2 , 3 , 7 , 8︲テトラクロロジベンゾ︲p︲ジオキシン",3,,102-21 103-21 103-22 104-22 104-23 105-17 105-22 105-24 106-22 107-22 107-23 107-24 108-22 109-22 110-18 110-21 111-22 111-23 111-25
106,22,衛生,化学物質の毒性・解毒,20,10,肯定形,,,5,36,代謝物が、主としてメトヘモグロビン血症を引き起こすのはどれか。1つ選べ。,パラコート,ベンゼン,四塩化炭素,アニリン,n︲ヘキサン,4,,102-21 103-21 103-22 104-22 104-23 105-17 105-22 105-24 106-21 107-22 107-23 107-24 108-22 109-22 110-18 110-21 111-22 111-23 111-25
106,23,衛生,環境衛生,22,10,肯定形,,,5,29,オゾン層の破壊作用を有する温室効果ガスはどれか。1つ選べ。,メタン,六フッ化硫黄,パーフルオロカーボン,ハイドロクロロフルオロカーボン,ハイドロフルオロカーボン,4,,102-24 102-25 103-24 103-25 104-21 104-24 104-25 105-25 106-24 106-25 107-25 108-17 108-23 108-24 108-25 109-18 109-25 110-23 110-24 110-25 111-24
106,24,衛生,環境衛生,22,10,肯定形,,,5,32,水道水の塩素消毒において、殺菌力が最も強いのはどれか。1つ選べ。,HClO,ClO-,Cl-,NH2Cl,NHCl2,1,,102-24 102-25 103-24 103-25 104-21 104-24 104-25 105-25 106-23 106-25 107-25 108-17 108-23 108-24 108-25 109-18 109-25 110-23 110-24 110-25 111-24
106,25,衛生,環境衛生,22,10,肯定形,,,5,57,指定感染症＊の治療・検査時に使用された医療用マスクを滅菌せずに廃棄する際の分類として、適切なのはどれか。1つ選べ。,産業廃棄物,事業系一般廃棄物,感染性一般廃棄物,特別管理産業廃棄物,感染性産業廃棄物 ＊感染症の予防及び感染症の患者に対する医療に関する法律において規定,3,,102-24 102-25 103-24 103-25 104-21 104-24 104-25 105-25 106-23 106-24 107-25 108-17 108-23 108-24 108-25 109-18 109-25 110-23 110-24 110-25 111-24
106,26,薬理,薬理学総論,9,5,肯定形,,,,257,ある受容体の完全刺激薬である化合物Ａに化学修飾を加え、受容体への親和性がより高い化合物Ｂを得た。化合物Ａの摘出腸管標本における収縮の濃度︲反応曲線がａ（破線）であるとき、化合物Ｂの濃度︲反応曲線ｂ（実線）が正しく示されている図はどれか。1つ選べ。ただし、化学修飾により受容体への選択性や内活性には変化がなかったものとする。反応率（％） ａ ｂ 薬物（対数濃度）反応率（％） ｂ ａ 薬物（対数濃度） ｂ ａ 反応率（％）反応率（％） ａ ｂ 薬物（対数濃度）薬物（対数濃度） ａ 反応率（％） ｂ 薬物（対数濃度）,,,,,,2,,102-26 104-26 104-29 104-37 105-26 105-34 105-39 110-30
106,27,薬理,自律神経作用薬,38,10,肯定形,,○,5,31,ラベタロールが反射性頻脈の発生を抑える機序はどれか。1つ選べ。,アドレナリン a1受容体遮断,アドレナリン b1受容体遮断,アドレナリン b2受容体遮断,アドレナリン a2受容体刺激,アドレナリン b2受容体刺激,2,,102-27 102-29 103-26 103-28 103-29 103-30 104-27 104-28 104-33 104-40 105-28 105-29 105-37 106-28 106-35 106-40 107-26 107-27 107-28 107-29 108-27 108-28 108-34 108-36 108-40 109-26 109-27 109-34 109-35 110-26 110-27 110-28 110-29 110-31 111-26 111-33 111-35
106,28,薬理,自律神経作用薬,38,10,肯定形,,,5,50,運動神経終末からのアセチルコリンの遊離を非可逆的に阻害して骨格筋弛緩作用を示すのはどれか。1つ選べ。,ロクロニウム,スキサメトニウム,ダントロレン,A 型ボツリヌス毒素,チザニジン,4,,102-27 102-29 103-26 103-28 103-29 103-30 104-27 104-28 104-33 104-40 105-28 105-29 105-37 106-27 106-35 106-40 107-26 107-27 107-28 107-29 108-27 108-28 108-34 108-36 108-40 109-26 109-27 109-34 109-35 110-26 110-27 110-28 110-29 110-31 111-26 111-33 111-35
106,29,薬理,中枢神経作用薬,25,9,肯定形,,,5,50,中枢神経でオピオイドμ受容体を遮断して、モルヒネが引き起こす呼吸抑制を改善するのはどれか。1つ選べ。,ドキサプラム,ナルデメジン,ナロキソン,ナルフラフィン,フルマゼニル,3,,102-30 103-27 103-31 103-32 103-33 103-36 104-30 104-32 104-34 105-27 105-30 105-31 105-32 106-30 106-36 107-30 109-28 110-32 110-36 111-27 111-28 111-29 111-30 111-31
106,30,薬理,中枢神経作用薬,25,9,肯定形,,,5,71,レボドパ含有製剤で治療中のパーキンソン病における wearing︲off 現象を改善させるアデノシン A2A 受容体遮断薬はどれか。1つ選べ。,アポモルヒネ,アマンタジン,ブロモクリプチン,イストラデフィリン,ロチゴチン,4,,102-30 103-27 103-31 103-32 103-33 103-36 104-30 104-32 104-34 105-27 105-30 105-31 105-32 106-29 106-36 107-30 109-28 110-32 110-36 111-27 111-28 111-29 111-30 111-31
106,31,薬理,内分泌・代謝薬,24,9,肯定形,,,5,70,シクロオキシゲナーゼ︲1（COX︲1）と比較して COX︲2に対する選択性が高く、胃腸障害が少ない非ステロイド性抗炎症薬はどれか。1つ選べ。,エトドラク,ジクロフェナク,ロキソプロフェン,スリンダク,オキサプロジン,1,,102-33 102-35 102-36 103-37 103-38 103-39 105-36 105-38 106-32 106-34 106-37 107-32 107-38 107-39 108-37 108-38 108-39 109-36 109-37 110-37 111-37 111-38 111-40
106,32,薬理,内分泌・代謝薬,24,9,肯定形,,,5,36,カルシトリオールのカルシウム代謝調節作用に関わる機序はどれか。1つ選べ。,カルシトニン受容体の刺激,副甲状腺ホルモンの分泌の促進,腎臓におけるカルシウム再吸収の抑制,腸管からのカルシウム吸収の促進,オステオカルシンのカルボキシ化の抑制,4,,102-33 102-35 102-36 103-37 103-38 103-39 105-36 105-38 106-31 106-34 106-37 107-32 107-38 107-39 108-37 108-38 108-39 109-36 109-37 110-37 111-37 111-38 111-40
106,33,薬理,循環器作用薬,15,9,肯定形,,,5,31,ニトログリセリンの抗狭心症作用に関わる機序はどれか。1つ選べ。,アデニル酸シクラーゼの活性化,膜結合型グアニル酸シクラーゼの阻害,可溶性グアニル酸シクラーゼの活性化,ホスホジエステラーゼⅢの阻害,ホスホジエステラーゼⅤの活性化,3,,102-28 102-31 102-32 103-34 103-35 104-31 107-33 107-35 108-31 108-32 109-31 109-33 110-34 111-32
106,34,薬理,内分泌・代謝薬,24,9,肯定形,,,5,37,妊娠末期の子宮平滑筋を収縮させる脳下垂体後葉ホルモン薬はどれか。1つ選べ。,オキシトシン,エルゴメトリン,エストラジオール,ジノプロストン,プロゲステロン,1,,102-33 102-35 102-36 103-37 103-38 103-39 105-36 105-38 106-31 106-32 106-37 107-32 107-38 107-39 108-37 108-38 108-39 109-36 109-37 110-37 111-37 111-38 111-40
106,35,薬理,自律神経作用薬,38,10,肯定形,,,5,30,ラフチジンの胃酸分泌抑制作用に関わる機序はどれか。1つ選べ。,"H+, K+︲ATPase 阻害",ヒスタミン H2受容体遮断,アセチルコリン M1受容体遮断,プロスタノイド EP 受容体遮断,ガストリン遊離抑制,2,,102-27 102-29 103-26 103-28 103-29 103-30 104-27 104-28 104-33 104-40 105-28 105-29 105-37 106-27 106-28 106-40 107-26 107-27 107-28 107-29 108-27 108-28 108-34 108-36 108-40 109-26 109-27 109-34 109-35 110-26 110-27 110-28 110-29 110-31 111-26 111-33 111-35
106,36,薬理,中枢神経作用薬,25,9,肯定形,,○,5,29,アプレピタントの制吐作用に関わる作用点はどれか。1つ選べ。,ヒスタミン H1受容体,ドパミン D2受容体,タキキニン NK1受容体,セロトニン5︲HT3受容体,オピオイド n 受容体,3,,102-30 103-27 103-31 103-32 103-33 103-36 104-30 104-32 104-34 105-27 105-30 105-31 105-32 106-29 106-30 107-30 109-28 110-32 110-36 111-27 111-28 111-29 111-30 111-31
106,37,薬理,内分泌・代謝薬,24,9,肯定形,,,5,44,血清コレステロール低下作用と抗酸化作用を介して抗動脈硬化作用を示すのはどれか。1つ選べ。,ロミタピド,コレスチラミン,クロフィブラート,エゼチミブ,プロブコール,5,,102-33 102-35 102-36 103-37 103-38 103-39 105-36 105-38 106-31 106-32 106-34 107-32 107-38 107-39 108-37 108-38 108-39 109-36 109-37 110-37 111-37 111-38 111-40
106,38,薬理,泌尿器・眼科・その他,2,2,肯定形,,,5,36,眼房水の産生抑制により眼圧を下げる炭酸脱水酵素阻害薬はどれか。1つ選べ。,ピロカルピン,ブナゾシン,ビマトプロスト,リパスジル,ドルゾラミド,5,,110-38
106,39,薬理,抗がん薬・免疫,8,7,肯定形,,,5,32,ラムシルマブの抗悪性腫瘍作用に関わる標的分子はどれか。1つ選べ。,EGFR（上皮増殖因子受容体）,HER2（ヒト上皮増殖因子受容体2型）,mTOR（哺乳類ラパマイシン標的タンパク質）,VEGF（血管内皮増殖因子）,VEGFR︲2（血管内皮増殖因子受容体2型）,5,,102-40 103-40 105-40 107-31 109-40 110-33 110-40
106,40,薬理,自律神経作用薬,38,10,肯定形,,○,,162,以下の直接型コリン作動薬のうち、コリンエステラーゼにより最も加水分解されやすいのはどれか。1つ選べ。 H3C O H3C CH3 O H3C N+ H3C O NH2 H3C N+ H3C O NH2 H3C O H3C O H3C N+ H3C CH3 O H3C N+ H3C O CH3 O O H3C N N CH3,,,,,,4,,102-27 102-29 103-26 103-28 103-29 103-30 104-27 104-28 104-33 104-40 105-28 105-29 105-37 106-27 106-28 106-35 107-26 107-27 107-28 107-29 108-27 108-28 108-34 108-36 108-40 109-26 109-27 109-34 109-35 110-26 110-27 110-28 110-29 110-31 111-26 111-33 111-35
106,41,薬剤,吸収・膜透過,28,10,肯定形,,,5,41,単純拡散による薬物の細胞膜透過に関する記述のうち、正しいのはどれか。1 1つ選べ。,濃度勾配に従う。,透過速度は Michaelis︲Menten 式で表される。,トランスポーターを介する。,ATP の加水分解エネルギーを利用する。,タンパク質の細胞内取り込みに関与する。,1,,102-42 102-54 103-41 103-42 103-55 104-42 105-41 105-52 105-54 106-42 106-48 107-41 107-42 107-51 107-55 108-41 108-42 108-54 108-55 109-41 109-42 109-51 110-42 110-54 111-41 111-42 111-52
106,42,薬剤,吸収・膜透過,28,10,肯定形,,,5,44,以下の剤形のうち、薬物の肝初回通過効果を回避するのに最も適しているのはどれか。1つ選べ。,経口徐放錠,口腔内崩壊錠,腸溶錠,経口ゼリー剤,坐剤,5,,102-42 102-54 103-41 103-42 103-55 104-42 105-41 105-52 105-54 106-41 106-48 107-41 107-42 107-51 107-55 108-41 108-42 108-54 108-55 109-41 109-42 109-51 110-42 110-54 111-41 111-42 111-52
106,43,薬剤,薬物動態パラメータ・計算,26,10,肯定形,,○,5,86,薬物が血漿と組織に分布するとき、分布容積を表す式はどれか。1つ選べ。ただし、血漿容積を Vp、組織容積を Vt、薬物の血漿中濃度を Cp、薬物の組織中濃度を Ct とする。,Vp × Cp + Vt × Ct,Vp + Vt ×,Vp + Vt ×,Vp - Vt ×,Vp - Vt × Ct Cp Cp Ct Ct Cp Cp Ct,2,,102-44 102-45 102-46 102-47 102-48 103-43 103-46 103-47 104-41 104-46 104-47 105-45 105-46 105-47 106-46 106-47 107-45 108-46 109-46 110-46 110-47 110-48 111-43 111-45 111-46
106,44,薬剤,代謝,14,10,肯定形,,,5,24,チザニジンの代謝を阻害するのはどれか。1つ選べ。,エスシタロプラム,セルトラリン,パロキセチン,フルボキサミン,ミルナシプラン,4,,102-43 103-44 103-45 104-44 104-55 105-43 105-44 107-44 108-44 108-47 109-44 110-44 111-44
106,45,薬剤,排泄,7,7,肯定形,,,5,17,腸肝循環するのはどれか。1つ選べ。,アルベカシン,イソニアジド,エナラプリル,オセルタミビル,モルヒネ,5,,102-41 104-45 107-46 108-45 109-45 110-45
106,46,薬剤,薬物動態パラメータ・計算,26,10,肯定形,,,5,53,体内動態が線形1︲コンパートメントモデルに従う薬物について、投与量に比例して変化するのはどれか。1つ選べ。,最高血中濃度到達時間,消失速度,消失速度定数,消失半減期,全身クリアランス,2,,102-44 102-45 102-46 102-47 102-48 103-43 103-46 103-47 104-41 104-46 104-47 105-45 105-46 105-47 106-43 106-47 107-45 108-46 109-46 110-46 110-47 110-48 111-43 111-45 111-46
106,47,薬剤,薬物動態パラメータ・計算,26,10,肯定形,○,,5,81,全身クリアランスが40 L/h である薬物を点滴静注し、定常状態における血中濃度を0 . 50 mg/L にしたい。適切な投与速度（mg/h）はどれか。1つ選べ。,13,20,40,50,80,2,,102-44 102-45 102-46 102-47 102-48 103-43 103-46 103-47 104-41 104-46 104-47 105-45 105-46 105-47 106-43 106-46 107-45 108-46 109-46 110-46 110-47 110-48 111-43 111-45 111-46
106,48,薬剤,吸収・膜透過,28,10,肯定形,○,○,5,88,ある薬物の体内動態に線形性が成り立つとき、静脈内投与後の平均滞留時間が4 . 0 h、経口投与後の平均滞留時間が6 . 0 h であった。平均吸収時間（h）はどれか。1つ選べ。,0 . 67,1 . 5,2 . 0,10,24,3,,102-42 102-54 103-41 103-42 103-55 104-42 105-41 105-52 105-54 106-41 106-42 107-41 107-42 107-51 107-55 108-41 108-42 108-54 108-55 109-41 109-42 109-51 110-42 110-54 111-41 111-42 111-52
106,49,薬剤,製剤材料の物性,35,10,肯定形,,○,,81,図の構造をもつ経口固形製剤が示すと考えられる、水中での水溶性薬物の放出パターンはどれか。1つ選べ。エチルセルロース水溶性薬物結晶粒子）％（率出放物薬時間（h）12,,,,,,4,,102-50 102-51 102-52 102-53 103-48 103-49 103-51 103-54 104-50 104-51 104-53 104-54 105-48 105-50 106-50 106-52 107-48 107-49 108-49 108-50 108-52 108-53 109-49 109-50 109-52 109-53 110-49 110-50 110-51 110-52 111-48 111-49 111-50 111-51
106,50,薬剤,製剤材料の物性,35,10,肯定形,○,○,5,65,図はある高分子溶液の濃度と還元粘度の関係を示している。この溶液の極限粘度（#10-6 mL/g）に最も近い値はどれか。1つ選べ。1,. 0,1 . 5,2 . 0,2 .,5 3 . 0 3 . 0 2 . 0 1 . 0） g / L m × （度粘元還0 . 02 0 . 06 0 . 04濃度（％）0 . 08,1,,102-50 102-51 102-52 102-53 103-48 103-49 103-51 103-54 104-50 104-51 104-53 104-54 105-48 105-50 106-49 106-52 107-48 107-49 108-49 108-50 108-52 108-53 109-49 109-50 109-52 109-53 110-49 110-50 110-51 110-52 111-48 111-49 111-50 111-51
106,51,薬剤,未分類,6,5,肯定形,○,,5,99,一定温度において、ある固体表面に水が薄膜状に拡がり、拡張ぬれが成立するときの固液界面張力（mN/m）はどれか。1つ選べ。なお、固体の表面張力は585 mN/m、水の表面張力は73 mN/m とする。,73,439,512,585,658,3,,104-43 105-49 105-55 108-51 110-41
106,52,薬剤,製剤材料の物性,35,10,肯定形,,○,5,47,図の化学構造を有し、懸濁化剤や結合剤として用いられる合成高分子はどれか。1つ選べ。 N O n,ポビドン,ヒプロメロース,メチルセルロース,カルメロース,アラビアゴム,1,,102-50 102-51 102-52 102-53 103-48 103-49 103-51 103-54 104-50 104-51 104-53 104-54 105-48 105-50 106-49 106-50 107-48 107-49 108-49 108-50 108-52 108-53 109-49 109-50 109-52 109-53 110-49 110-50 110-51 110-52 111-48 111-49 111-50 111-51
106,53,薬剤,製剤各論・製剤総則,13,8,肯定形,,,5,44,皮膚に適用する製剤のうち、水中油型又は油中水型に乳化した半固形の製剤はどれか。1つ選べ。,軟膏剤,クリーム剤,ゲル剤,ローション剤,リニメント剤,2,,102-55 103-50 103-52 103-53 104-49 104-52 105-53 106-54 107-52 107-53 109-54 111-53
106,54,薬剤,製剤各論・製剤総則,13,8,肯定形,,○,5,35,図に示す注射剤の容器の名称はどれか。1つ選べ。キャップ薬液プランジャー,アンプル,カートリッジ,ダブルバッグ,プレフィルドシリンジ,バイアル,4,,102-55 103-50 103-52 103-53 104-49 104-52 105-53 106-53 107-52 107-53 109-54 111-53
106,55,薬剤,DDS・放出制御,7,5,肯定形,,○,5,74,図に示す受動的ターゲティングを利用した製剤はどれか。1つ選べ。マクロファージ肝臓血管腫瘍毛細血管薬物を含むリポソームリポソームからの薬物放出腫瘍組織,ドキシル®注20 mg（ドキソルビシン塩酸塩）,パルクス®注5 ng（アルプロスタジル）,オンパットロ®点滴静注2 mg/mL（パチシランナトリウム）,アムビゾーム®点滴静注用50 mg（アムホテリシン B）,リメタゾン®静注2 . 5 mg（デキサメタゾンパルミチン酸エステル）,1,,102-49 109-55 110-53 110-55 111-54 111-55
106,56,病態・薬物治療,副作用・薬剤性疾患,18,9,肯定形,,,5,44,血中間接ビリルビン値が血中直接ビリルビン値に比べて優位に上昇する疾患はどれか。1つ選べ。,肝硬変,アルコール性肝障害,溶血性貧血,胆石症,膵頭部がん,3,,103-68 103-70 104-58 105-58 106-68 107-57 108-58 108-60 108-65 108-66 108-69 109-59 109-61 110-57 110-58 111-57 111-65
106,57,病態・薬物治療,検査値・臨床検査,7,5,肯定形,,,5,28,肝臓のタンパク質合成能の指標となるのはどれか。1つ選べ。,アルカリホスファターゼ（ALP）,コリンエステラーゼ（ChE）,クレアチンキナーゼ（CK）,c︲グルタミルトランスペプチダーゼ（c︲GTP）,乳酸脱水素酵素（LDH）,2,,103-57 103-58 107-64 107-70 110-66 111-59
106,58,病態・薬物治療,精神・神経疾患,16,8,肯定形,,,5,26,遅発性ジスキネジアの典型的な症状はどれか。1つ選べ。,高熱,手指関節のこわばり,無意識に口をもぐもぐさせる,筋肉痛,じっと座っていられない,3,,102-61 103-60 104-61 104-62 105-62 106-59 106-64 107-58 107-59 107-60 107-61 107-62 109-56 109-57 110-60
106,59,病態・薬物治療,精神・神経疾患,16,8,肯定形,,,5,19,パーキンソン様症状はどれか。1つ選べ。,口渇,立ちくらみ,小刻み歩行,体重増加,勃起障害,3,,102-61 103-60 104-61 104-62 105-62 106-58 106-64 107-58 107-59 107-60 107-61 107-62 109-56 109-57 110-60
106,60,病態・薬物治療,代謝・内分泌疾患,15,7,肯定形,,,5,32,続発性副甲状腺機能低下症の治療に用いられるのはどれか。1つ選べ。,アルファカルシドール,エルカトニン,チアマゾール,ブロモクリプチン塩酸塩,プレドニゾロン,1,,102-59 103-59 103-63 103-65 107-65 109-58 109-62 109-64 109-65 110-62 110-63 111-56 111-62 111-63
106,61,病態・薬物治療,免疫・膠原病・血液疾患,8,8,肯定形,,,5,47,白血病細胞の分化を誘導し、急性前骨髄球性白血病の寛解導入療法に用いられるのはどれか。1つ選べ。,イマチニブ,シクロスポリン,シクロホスファミド,トレチノイン,メトトレキサート,4,,102-58 103-64 105-65 107-56 108-57 109-60 111-66
106,62,病態・薬物治療,腎・泌尿器疾患,5,5,肯定形,,,5,20,前立腺肥大症の治療薬はどれか。1つ選べ。,アナストロゾール,クロニジン塩酸塩,クロルフェニラミンマレイン酸塩,シルデナフィルクエン酸塩,デュタステリド,5,,103-69 104-56 109-63 111-60
106,63,病態・薬物治療,消化器・肝疾患,3,3,肯定形,,,5,26,急性膵炎の診断に有用な血液検査値はどれか。1つ選べ。,アルブミン濃度,C 反応性タンパク（CRP）濃度,乳酸脱水素酵素（LDH）活性,尿素窒素（BUN）濃度,リパーゼ活性,5,,104-57 108-62
106,64,病態・薬物治療,精神・神経疾患,16,8,肯定形,,,5,28,動揺病による嘔気の予防に用いられるのはどれか。1つ選べ。,アデノシン三リン酸二ナトリウム水和物,イソソルビド,エチゾラム,ジフェニドール塩酸塩,ジメンヒドリナート,5,,102-61 103-60 104-61 104-62 105-62 106-58 106-59 107-58 107-59 107-60 107-61 107-62 109-56 109-57 110-60
106,65,病態・薬物治療,感染症,12,8,肯定形,,,5,19,空気感染する病原体はどれか。1つ選べ。,インフルエンザウイルス,ヒト免疫不全ウイルス（HIV）,ポリオウイルス,風しんウイルス,麻しんウイルス,5,,102-64 102-65 104-63 104-66 105-67 106-66 108-67 109-67 110-65 110-70 111-61
106,66,病態・薬物治療,感染症,12,8,肯定形,,,5,18,帯状疱疹の治療薬はどれか。1つ選べ。,ガンシクロビル,ザナミビル水和物,バラシクロビル塩酸塩,ラルテグラビルカリウム,リトナビル,3,,102-64 102-65 104-63 104-66 105-67 106-65 108-67 109-67 110-65 110-70 111-61
106,67,病態・薬物治療,がん,13,9,肯定形,,,5,20,乳がん発症の危険因子はどれか。1つ選べ。,初経年齢が早い,初産年齢が早い,出産歴がある,授乳歴がある,閉経年齢が早い,1,,102-56 102-63 102-66 103-56 104-59 104-65 105-57 105-59 107-67 108-56 110-68 111-67
106,68,病態・薬物治療,副作用・薬剤性疾患,18,9,肯定形,,,5,29,甘草の副作用として注意すべき電解質異常はどれか。1つ選べ。,低カルシウム血症,低カリウム血症,低ナトリウム血症,低マグネシウム血症,低リン血症,2,,103-68 103-70 104-58 105-58 106-56 107-57 108-58 108-60 108-65 108-66 108-69 109-59 109-61 110-57 110-58 111-57 111-65
106,69,病態・薬物治療,未分類,1,1,肯定形,,○,5,19,図中のアに入る語句はどれか。1つ選べ。,COCHRANE LIBRARY,DRUG SAFETY UPDATE,INTERVIEW FORM,PHYSICIANSʼ DESK REFERENCE,RISK MANAGEMENT PLAN,2,,
106,70,病態・薬物治療,臨床統計・研究デザイン,8,7,肯定形,,,5,29,パラメトリック法に分類される仮説検定法はどれか。1つ選べ。,Mann︲Whitney の U 検定,t 検定,カイ二乗検定,フィッシャーの直接確率検定,ログランク検定,2,,102-68 103-67 105-68 105-69 108-70 109-69 111-69
106,71,法規・制度・倫理,倫理・臨床研究,9,8,肯定形,,,5,31,1981年に出されたリスボン宣言は何に関する宣言か。1つ選べ。,医師の専門職としての倫理,ヘルスプロモーション,ヒトを対象とする医学研究の倫理,プライマリヘルスケア,患者の権利,5,,102-79 103-77 103-78 104-79 107-79 108-79 109-72 110-78
106,72,法規・制度・倫理,薬剤師法,13,8,肯定形,,,5,31,薬剤師法第6条に定める薬剤師名簿の登録事項はどれか。1つ選べ。,現住所,卒業大学名,勤務先名,認定薬剤師の資格,登録年月日,5,,102-72 102-73 102-75 104-74 105-79 106-73 107-71 107-72 107-78 108-71 109-73 110-71
106,73,法規・制度・倫理,薬剤師法,13,8,肯定形,,,5,72,以下のに入る語句はどれか。1つ選べ。薬剤師法第23条薬剤師は、医師、歯科医師又は獣医師のによらなければ、販売又は授与の目的で調剤してはならない。,指示,カルテ,処方せん,診断書,診療方針,3,,102-72 102-73 102-75 104-74 105-79 106-72 107-71 107-72 107-78 108-71 109-73 110-71
106,74,法規・制度・倫理,法体系・憲法,5,5,肯定形,,,5,72,GCP 省令において、「治験を行うことの適否」について、あらかじめ治験審査委員会の意見を聴かなければならないと定められているのは誰か。1つ選べ。,治験実施医療機関の長,治験責任医師,治験依頼者,被験者の代表,独立行政法人医薬品医療機器総合機構（PMDA）の審査役,1,,102-71 103-71 107-73 108-74
106,75,法規・制度・倫理,麻薬・向精神薬・覚醒剤,9,6,肯定形,,,5,33,国内自給確保の基本理念が法律で規定されているのはどれか。1つ選べ。,ワクチン製剤,血液製剤,麻薬製剤,漢方製剤,抗生物質製剤,2,,104-75 105-71 105-77 106-76 106-77 107-76 109-77 111-77
106,76,法規・制度・倫理,麻薬・向精神薬・覚醒剤,9,6,肯定形,,,5,38,麻薬処方箋により調剤された麻薬を譲り渡すことを業とする者はどれか。1つ選べ。,麻薬製造業者,麻薬卸売業者,麻薬小売業者,麻薬施用者,麻薬管理者,3,,104-75 105-71 105-77 106-75 106-77 107-76 109-77 111-77
106,77,法規・制度・倫理,麻薬・向精神薬・覚醒剤,9,6,肯定形,,,5,98,患者が自らの治療のために、2週間程度の海外旅行に携帯する場合、地方厚生（支）局長の許可が必要となるのはどれか。1つ選べ。なお、地方厚生（支）局長は、厚生労働大臣から権限が委任されているものとする。,麻薬,向精神薬,あへん,覚醒剤,大麻,1,,104-75 105-71 105-77 106-75 106-76 107-76 109-77 111-77
106,78,法規・制度・倫理,医療保険・介護保険,14,8,否定形,,,5,29,日本における社会保障制度に含まれないのはどれか。1つ選べ。,生活保護,児童福祉,年金,感染症予防,学校教育,5,,102-76 102-78 104-71 105-73 106-79 108-73 108-77 108-78 109-79 110-77 111-72 111-78 111-79
106,79,法規・制度・倫理,医療保険・介護保険,14,8,肯定形,,,5,33,保険薬局の調剤報酬に関する記述のうち、正しいのはどれか。1つ選べ。,薬剤料は薬剤の納入価格で算定する。,調剤基本料は、全ての保険薬局で同じ点数である。,薬学管理料が含まれる。,報酬の請求は厚生労働大臣に対して行う。,薬局で自ら点数を定めて請求できる。,3,,102-76 102-78 104-71 105-73 106-78 108-73 108-77 108-78 109-79 110-77 111-72 111-78 111-79
106,80,法規・制度・倫理,薬機法・医薬品の分類,18,9,肯定形,,,5,85,法令で以下のとおり定義されているのはどれか。1つ選べ。「患者が継続して利用するために必要な機能及び個人の主体的な健康の保持増進への取組を積極的に支援する機能を有する薬局」,保険薬局,薬剤師会会営薬局,健康サポート薬局,地域包括支援センター,ドラッグストア,3,,103-73 103-74 103-80 104-76 104-78 105-75 105-78 105-80 107-77 108-76 109-74 109-75 110-72 110-73 110-75 111-71 111-75
106,81,実務,チーム医療・病棟業務,5,5,肯定形,,,5,35,チーム医療における医療者同士の関係性として適切なのはどれか。1つ選べ。,独立,依存,協働,主従,競合,3,,105-89 107-82 108-81 109-89
106,82,実務,服薬指導・製剤の取扱い,12,9,肯定形,,,5,40,以下のうち、病棟に常駐する薬剤師の行う業務として最も適切なのはどれか。1つ選べ。,麻薬施用者としての院内の麻薬管理,入院患者の点滴の交換,人工呼吸器の操作や管理,入院患者の薬物アレルギー歴の確認,口腔がん摘除術を受けた患者に対する嚥下指導,4,,102-85 103-89 105-88 106-88 107-87 107-88 108-89 109-81 109-85 110-83 111-88
106,83,実務,中毒・救急,2,2,肯定形,,,5,54,DNAR（Do Not Attempt Resuscitation）の説明として正しいのはどれか。1つ選べ。,生物学的製剤の投与を行わないこと。,特定の疾患を有する患者を差別しないこと。,患者の意向を無視して独善的な医療をしないこと。,胎児の染色体異常の有無を知るための検査を行わないこと。,終末期において本人あるいは代理人の同意を得て二次心肺蘇生措置を行わないこと。,5,,111-86
106,84,実務,未分類,3,2,肯定形,,,5,100,に当てはまる適切な語句はどれか。1つ選べ。がんの宣告を受ける、交通事故に遭遇する、あるいは愛する人を失うと不安を抱き混乱した状態になる。このような不安を軽減しようとするために示す無意識な反応をと呼ぶ。,行動変容,心理的防衛機制,健康信念,アサーション,エンパワーメント,2,,102-90 106-89
106,85,実務,副作用モニタリング・禁忌,8,6,肯定形,,,5,32,投与中に、血清ナトリウム値に注意が必要な薬物はどれか。1つ選べ。,トルバプタン,カナグリフロジン,スボレキサント,リナグリプチン,プレガバリン,1,,103-82 104-90 106-86 108-84 110-87 110-90 111-84
106,86,実務,副作用モニタリング・禁忌,8,6,肯定形,,,5,63,ラモトリギンに対して発出された安全性速報（ブルーレター）を契機に添付文書の「警告」に記載された重篤な副作用はどれか。1つ選べ。,低カルシウム血症,高ビリルビン血症,間質性肺疾患,腎機能障害,皮膚障害,5,,103-82 104-90 106-85 108-84 110-87 110-90 111-84
106,87,実務,TDM・検査値の活用,2,2,肯定形,,,5,53,ジゴキシンが投与されている患者について、安全性確保の点からモニタリングが推奨される項目はどれか。1つ選べ。,ヘマトクリット値,PT︲INR 値,薬物血中濃度,尿中 C︲ペプチド値,血清尿酸値,3,,103-84
106,88,実務,服薬指導・製剤の取扱い,12,9,肯定形,,,5,37,ドライパウダー吸入器の使用法に関する説明として適切なのはどれか。1つ選べ。,吸入前に容器をよく振ってください。,吸入前に息を吐かないでください。,吸入時は勢いよく深く息を吸い込んでください。,吸入してから息を止めないでください。,吸入口を下に向けて吸い込んでください。,3,,102-85 103-89 105-88 106-82 107-87 107-88 108-89 109-81 109-85 110-83 111-88
106,89,実務,未分類,3,2,肯定形,,,5,48,動脈硬化をきたしている脂質異常症患者において、実施すべきでない食事・生活習慣はどれか。1つ選べ。,禁煙,n︲3系多価不飽和脂肪酸の摂取制限,コレステロールの摂取制限,塩分の摂取制限,飲酒制限,2,,102-90 106-84
106,90,実務,調剤・処方箋,9,7,肯定形,,,5,81,患者が複数の医療機関を利用する場合であっても、かかりつけ薬剤師が患者の服薬情報を一元的・継続的に把握するために活用できるものとして最も適切なのはどれか。1つ選べ。,トレーシングレポート,調剤明細書,お薬手帳,診療情報提供書,診療計画書（クリティカルパス）,3,,102-83 102-87 104-88 105-87 108-83 109-84 109-90 110-86
107,1,物理,酸塩基平衡・緩衝液,2,2,肯定形,○,,5,100,0 . 010 mol/L 水酸化ナトリウム水溶液の pH として最も近い値はどれか。1つ選べ。ただし、水のイオン積 K w =［H+］［OH-］= 1 . 0 × 10-14（mol/L）2とする。,1,2,7,12,13,4,,109-5
107,2,物理,熱力学,6,5,肯定形,,○,5,115,平衡状態にある次の化学反応系に関する記述のうち、正しいのはどれか。1つ選べ。3 2 H2 ⒢ + 1 2 N2 ⒢ NH3 ⒢ D fH °= -46 . 1 kJ/mol D fH °は標準生成エンタルピー、⒢は気体状態を表す。,系の温度を下げると、平衡は右側へ移動する。,系の圧力を下げると、平衡は右側へ移動する。,系に水素ガスを加えると、平衡は左側へ移動する。,この反応は吸熱反応である。,この反応の平衡定数は系の温度に依存しない。,1,,103-1 103-4 105-5 108-2 110-2
107,3,物理,溶液・束一的性質,6,4,肯定形,○,○,5,131,図は、電位の基準となる標準水素電極の模式図である。図中の空欄アにあてはまる数値はどれか。1つ選べ。なお、1 atm は1 . 013 × 105 Pa を表す。白金の板分圧が1 atm の H2 H+ の活量がアの希塩酸 H+ Cl- H+ Cl- Cl- H+,0,0 . 1,1,7,14,3,,103-2 107-4 110-3 110-5 111-2
107,4,物理,溶液・束一的性質,6,4,肯定形,○,,5,143,0 . 10 mol/L 硫酸ナトリウム水溶液中における硫酸バリウムの溶解度に最も近いのはどれか。1つ選べ。ただし、温度は25 ℃とし、同温度における硫酸バリウムの溶解度積を1 . 0 × 10-10（mol/L）2とし、硫酸バリウムの溶解による溶液の体積変化は無視できるものとする。1,. 0 × 10-19 mol/L,1 . 0 × 10-11 mol/L,1 . 0 × 10-9 mol/L,1 . 0 × 10-5 mol/L,1 . 0 × 10-4 mol/L,3,,103-2 107-3 110-3 110-5 111-2
107,5,物理,クロマトグラフィー,1,1,肯定形,,,5,42,液体クロマトグラフィー/質量分析法において、用いられるイオン化法はどれか。1つ選べ。,エレクトロスプレーイオン化（ESI）法,化学イオン化（CI）法,高速原子衝撃（FAB）法,電子イオン化（EI）法,マトリックス支援レーザー脱離イオン化（MALDI）法,1,,
107,6,化学,命名法・構造決定,4,3,肯定形,,○,,102,3︲メチルブタ︲2︲エン︲1︲オール（IUPAC 命名法）はどれか。1つ選べ。 H3C H3C OH CH2 H2C CH3 OH CH3 CH3 OH H2C OH H3C OH CH3 H2C H3C,,,,,,5,,105-7 107-7 109-6
107,7,化学,命名法・構造決定,4,3,肯定形,,○,,79,結合している原子に着目したとき、三角錐型の構造をもつのはどれか。1つ選べ。 H H + C H H C H H F B F H C H F H H H C O,,,,,,2,,105-7 107-6 109-6
107,8,化学,立体化学,7,7,肯定形,,○,5,89,次の2つの薬物に関する記述のうち、正しいのはどれか。1つ選べ。 H3C O N H HO H N H H CH2 H3C O N H HO H N H H CH2キニジンキニーネ,エナンチオマーの関係にある。,ジアステレオマーの関係にある。,構造異性体の関係にある。,融点が同じである。,比旋光度［a］20 D の絶対値が同じである。,2,,102-7 103-7 104-8 105-9 106-8 108-9
107,9,化学,無機・電子論,6,6,肯定形,,○,5,20,不対電子を1つもつのはどれか。1つ選べ。,CO,NO,SO3,O2,N2,2,,103-9 104-6 108-10 109-7 110-7
107,10,化学,生薬・天然物,6,6,肯定形,,○,,151,トリプトファン由来のアルカロイドはどれか。1つ選べ。 O O H3C H O O O N H CH3 CH3 O O CH3 HO H N O O H3C CH3 H N OH H H H3C CH3 N N H CH3 H O OH H NCH3 H O H O O O H3C O N+ O CH3,,,,,,4,,105-10 106-10 108-8 109-10 111-10
107,11,生物,ホルモン・情報伝達,4,4,肯定形,,,5,59,女性の月経周期において、排卵直前に分泌量が急激に増加してピークに達し、排卵の開始を誘発するホルモンはどれか。1つ選べ。,黄体形成ホルモン（LH）,オキシトシン,プロラクチン,ヒト絨毛性性腺刺激ホルモン（hCG）,プロゲステロン,1,,105-13 106-12 109-13
107,12,生物,代謝経路,2,2,肯定形,,○,,104,尿素回路の代謝中間体であるオルニチンはどれか。1つ選べ。 H2N COOH H NH2 H2N O NH N H H2N COOH H2N NH2 H NH2 COOH H NO HN O H N N H O,,,,,,1,,111-12
107,13,生物,遺伝子・分子生物学,10,6,肯定形,,○,5,153,図は、真核生物において DNA 上の遺伝子からタンパク質が作られるまでの過程を示している。矢印アで示す反応はどれか。1つ選べ。 DNA 5ʼ 3ʼ キャップ3ʼ 5ʼ ポリ A 配列 AAA AA ア AAA AA 切断された RNA 断片 AAA AA 核外へ移行成熟 mRNA AAA AA タンパク質,転写,逆転写,スプライシング,RNA 干渉,翻訳,3,,102-13 103-13 104-13 104-14 107-14 110-13 110-14 110-15 111-15
107,14,生物,遺伝子・分子生物学,10,6,肯定形,,○,5,62,図は、細胞分裂後期にある細胞の様子を示している。図中のＡで示された構造体はどれか。1つ選べ。 Ａ 娘染色体核膜が分かれた断片,紡錘体,中心体,核小体,動原体,収縮環,4,,102-13 103-13 104-13 104-14 107-13 110-13 110-14 110-15 111-15
107,15,生物,微生物,4,4,肯定形,,,5,25,リケッチアを病原体とする感染症はどれか。1つ選べ。,梅毒,熱帯熱マラリア,オンコセルカ症（河川盲目症）,ツツガムシ病,日本脳炎,4,,102-14 106-15 111-14
107,16,衛生,栄養・食事摂取基準,10,7,肯定形,,,,103,体格指数の1つである BMI を算出する式はどれか。1つ選べ。1身長（m）体重（kg）身長（m） ［体重（kg）］2 3体重（kg）身長（m）4 ［体重（kg）］2身長（m）5体重（kg） ［身長（m）］2,,,,,,5,,103-16 103-23 105-23 106-20 107-19 108-21 109-19 111-18 111-19
107,17,衛生,食中毒・食品衛生,19,9,肯定形,,,5,33,自然毒のうち、魚介類による食中毒の原因となるのはどれか。1つ選べ。,アコニチン,ソラニン,アミグダリン,テトロドトキシン,チャコニン,4,,102-16 102-17 102-18 103-17 103-18 104-16 104-17 105-16 105-18 107-18 107-20 108-18 108-19 108-20 109-20 110-19 110-20 111-21
107,18,衛生,食中毒・食品衛生,19,9,肯定形,,,5,42,食品表示法に基づき、用途名と物質名を併記する必要がある食品添加物はどれか。1つ選べ。,香料,甘味料,調味料,乳化剤,pH 調整剤,2,,102-16 102-17 102-18 103-17 103-18 104-16 104-17 105-16 105-18 107-17 107-20 108-18 108-19 108-20 109-20 110-19 110-20 111-21
107,19,衛生,栄養・食事摂取基準,10,7,肯定形,,,5,22,精白米の第一制限アミノ酸はどれか。1つ選べ。,バリン,リシン,ロイシン,イソロイシン,トリプトファン,2,,103-16 103-23 105-23 106-20 107-16 108-21 109-19 111-18 111-19
107,20,衛生,食中毒・食品衛生,19,9,否定形,,,5,30,食品の腐敗を防ぐ方法として、誤っているのはどれか。1つ選べ。,くん煙,冷凍保存,加湿,加熱,保存料の添加,3,,102-16 102-17 102-18 103-17 103-18 104-16 104-17 105-16 105-18 107-17 107-18 108-18 108-19 108-20 109-20 110-19 110-20 111-21
107,21,衛生,薬物乱用・依存,2,2,肯定形,,○,6,349,図は、我が国の薬物事犯について、2010年から2019年の法律別検挙人数を示したものである。法律Ａ～Ｅは、覚醒剤取締法、大麻取締法、麻薬及び向精神薬取締法、あへん法、毒物及び劇物取締法のいずれかである。近年、法律Ｂによる検挙人数が増加傾向にある。法律Ｂとして正しいのはどれか。1つ選べ。検挙人数（人）12500 10000 7500 5000 2500 0法律Ａ 法律Ｂ 法律Ｃ 法律Ｄ 法律Ｅ 0 1 0 2 1 1 0 2 2 1 0 2 3 1 0 2 4 1 0 2 5 1 0 2 6 1 0 2 7 1 0 2 8 1 0 2 9 1 0 2年（注）覚醒剤取締法、大麻取締法、麻薬及び向精神薬取締法、あへん法違反の検挙人数は特別司法警察員が検挙した者を含む。令和2年版犯罪白書を基に作成,覚醒剤取締法,大麻取締法,麻薬及び向精神薬取締法,あへん法,毒物及び劇物取締法,2,,102-20
107,22,衛生,化学物質の毒性・解毒,20,10,肯定形,,,5,81,化学物質のリスク分析において、「消費者、事業者、行政担当者などの関係者の間で情報及び意見を共有することで相互に意思疎通を図ること」を意味するのはどれか。1つ選べ。,リスク評価,リスク管理,リスクコミュニケーション,安全データシート（SDS）制度,マニフェスト制度,3,,102-21 103-21 103-22 104-22 104-23 105-17 105-22 105-24 106-21 106-22 107-23 107-24 108-22 109-22 110-18 110-21 111-22 111-23 111-25
107,23,衛生,化学物質の毒性・解毒,20,10,肯定形,,,5,63,2︲ナフチルアミンが生体内で代謝的活性化されてニトレニウムイオンを生じる過程において、最初に起こる代謝反応はどれか。1つ選べ。,エポキシ化,N ︲ヒドロキシ化,グルクロン酸抱合,硫酸抱合,アセチル抱合,2,,102-21 103-21 103-22 104-22 104-23 105-17 105-22 105-24 106-21 106-22 107-22 107-24 108-22 109-22 110-18 110-21 111-22 111-23 111-25
107,24,衛生,化学物質の毒性・解毒,20,10,肯定形,,,5,69,公共用水域の水質汚濁に関する「人の健康の保護に関する環境基準」において、基準値が「検出されないこと」と定められているのはどれか。1つ選べ。,カドミウム,ヒ素,アルキル水銀,トリクロロエチレン,硝酸性窒素及び亜硝酸性窒素,3,,102-21 103-21 103-22 104-22 104-23 105-17 105-22 105-24 106-21 106-22 107-22 107-23 108-22 109-22 110-18 110-21 111-22 111-23 111-25
107,25,衛生,環境衛生,22,10,肯定形,,,5,46,医療機関により廃棄される未使用の注射針が該当する区分として、最も適切なのはどれか。1つ選べ。,事業系一般廃棄物,家庭系一般廃棄物,特別管理一般廃棄物,特別管理産業廃棄物,非感染性廃棄物,4,,102-24 102-25 103-24 103-25 104-21 104-24 104-25 105-25 106-23 106-24 106-25 108-17 108-23 108-24 108-25 109-18 109-25 110-23 110-24 110-25 111-24
107,26,薬理,自律神経作用薬,38,10,肯定形,,,5,24,Cl- チャネル内蔵型受容体はどれか。1つ選べ。,アセチルコリン NM 受容体,c︲アミノ酪酸 GABAA 受容体,セロトニン5︲HT3受容体,グルタミン酸 NMDA 受容体,ATP P2X 受容体,2,,102-27 102-29 103-26 103-28 103-29 103-30 104-27 104-28 104-33 104-40 105-28 105-29 105-37 106-27 106-28 106-35 106-40 107-27 107-28 107-29 108-27 108-28 108-34 108-36 108-40 109-26 109-27 109-34 109-35 110-26 110-27 110-28 110-29 110-31 111-26 111-33 111-35
107,27,薬理,自律神経作用薬,38,10,肯定形,,○,5,98,麻酔したラットにおいてフェントラミン処置後にアドレナリンを静脈内投与すると、アドレナリンの昇圧作用は認められず、降圧作用のみが見られた。この現象を生じさせたフェントラミンの機序はどれか。1つ選べ。,アドレナリン a1受容体刺激,アドレナリン a1受容体遮断,アドレナリン b1受容体刺激,アドレナリン b1受容体遮断,アドレナリン b2受容体遮断,2,,102-27 102-29 103-26 103-28 103-29 103-30 104-27 104-28 104-33 104-40 105-28 105-29 105-37 106-27 106-28 106-35 106-40 107-26 107-28 107-29 108-27 108-28 108-34 108-36 108-40 109-26 109-27 109-34 109-35 110-26 110-27 110-28 110-29 110-31 111-26 111-33 111-35
107,28,薬理,自律神経作用薬,38,10,肯定形,,○,5,26,メピバカインの局所麻酔作用の機序はどれか。1つ選べ。,ATP 感受性 K+ チャネルの刺激,アセチルコリン NN 受容体の遮断,電位依存性 Na+ チャネルの遮断,セロトニン5︲HT1A 受容体の遮断,電位依存性 T 型 Ca2+ チャネルの遮断,3,,102-27 102-29 103-26 103-28 103-29 103-30 104-27 104-28 104-33 104-40 105-28 105-29 105-37 106-27 106-28 106-35 106-40 107-26 107-27 107-29 108-27 108-28 108-34 108-36 108-40 109-26 109-27 109-34 109-35 110-26 110-27 110-28 110-29 110-31 111-26 111-33 111-35
107,29,薬理,自律神経作用薬,38,10,肯定形,,,5,47,ミルタザピンがシナプス間隙のセロトニン及びノルアドレナリンを増加させる機序はどれか。1つ選べ。,アドレナリン a2受容体遮断,セロトニン5︲HT2A 受容体刺激,セロトニン5︲HT3受容体刺激,モノアミン酸化酵素阻害,セロトニン及びノルアドレナリンの再取り込み阻害,1,,102-27 102-29 103-26 103-28 103-29 103-30 104-27 104-28 104-33 104-40 105-28 105-29 105-37 106-27 106-28 106-35 106-40 107-26 107-27 107-28 108-27 108-28 108-34 108-36 108-40 109-26 109-27 109-34 109-35 110-26 110-27 110-28 110-29 110-31 111-26 111-33 111-35
107,30,薬理,中枢神経作用薬,25,9,肯定形,,,5,26,抗てんかん薬ガバペンチンの作用点はどれか。1つ選べ。,電位依存性 Ca2+ チャネル,電位依存性 Na+ チャネル,シナプス小胞タンパク質 SV2A,c︲アミノ酪酸 GABAA 受容体,グルタミン酸 AMPA 受容体,1,,102-30 103-27 103-31 103-32 103-33 103-36 104-30 104-32 104-34 105-27 105-30 105-31 105-32 106-29 106-30 106-36 109-28 110-32 110-36 111-27 111-28 111-29 111-30 111-31
107,31,薬理,抗がん薬・免疫,8,7,肯定形,,,5,33,T 細胞のカルシニューリンを阻害する免疫抑制薬はどれか。1つ選べ。,シクロホスファミド,アザチオプリン,レフルノミド,バシリキシマブ,シクロスポリン,5,,102-40 103-40 105-40 106-39 109-40 110-33 110-40
107,32,薬理,内分泌・代謝薬,24,9,肯定形,,,5,29,骨粗しょう症治療薬テリパラチドの作用点はどれか。1つ選べ。,ヒドロキシアパタイト,オステオカルシン,カルシトニン受容体,副甲状腺ホルモン受容体,エストロゲン受容体,4,,102-33 102-35 102-36 103-37 103-38 103-39 105-36 105-38 106-31 106-32 106-34 106-37 107-38 107-39 108-37 108-38 108-39 109-36 109-37 110-37 111-37 111-38 111-40
107,33,薬理,循環器作用薬,15,9,肯定形,,,5,40,心筋収縮力及び心拍数を低下させ、労作性狭心症発作を予防するのはどれか。1つ選べ。,硝酸イソソルビド,チクロピジン,ピモベンダン,アテノロール,デノパミン,4,,102-28 102-31 102-32 103-34 103-35 104-31 106-33 107-35 108-31 108-32 109-31 109-33 110-34 111-32
107,34,薬理,未分類,9,6,肯定形,,,5,42,プラスミンによるフィブリン溶解を抑制することで、止血作用を示すのはどれか。1つ選べ。,トラネキサム酸,アルテプラーゼ,カルバゾクロム,プロタミン,フィトナジオン,1,,102-34 104-35 105-33 107-40 108-26 109-30 109-32 109-38
107,35,薬理,循環器作用薬,15,9,否定形,,,5,22,利尿薬の作用機序でないのはどれか。1つ選べ。,バソプレシン V2受容体遮断,心房性ナトリウム利尿ペプチド（ANP）受容体刺激,アルドステロン受容体刺激,炭酸脱水酵素阻害,Na+︲K+︲2Cl- 共輸送系阻害,3,,102-28 102-31 102-32 103-34 103-35 104-31 106-33 107-33 108-31 108-32 109-31 109-33 110-34 111-32
107,36,薬理,呼吸器・消化器薬,5,4,肯定形,,,5,29,肺サーファクタント分泌を促進する去痰薬はどれか。1つ選べ。,オキシメテバノール,アセチルシステイン,カルボシステイン,ドルナーゼアルファ,アンブロキソール,5,,105-35 107-37 108-35 111-36
107,37,薬理,呼吸器・消化器薬,5,4,肯定形,,,5,40,Cl- チャネル2（ClC︲2）を活性化する慢性便秘症治療薬はどれか。1つ選べ。,センノシド,カルメロース,ラクツロース,ビサコジル,ルビプロストン,5,,105-35 107-36 108-35 111-36
107,38,薬理,内分泌・代謝薬,24,9,肯定形,,,5,31,メチラポンによるコルチゾール産生抑制の機序はどれか。1つ選べ。,副腎皮質刺激ホルモン（ACTH）の分泌抑制,ソマトスタチンの分泌亢進,副腎皮質細胞壊死,3 b︲ヒドロキシステロイド脱水素酵素の阻害,11 b︲水酸化酵素の阻害,5,,102-33 102-35 102-36 103-37 103-38 103-39 105-36 105-38 106-31 106-32 106-34 106-37 107-32 107-39 108-37 108-38 108-39 109-36 109-37 110-37 111-37 111-38 111-40
107,39,薬理,内分泌・代謝薬,24,9,肯定形,,,5,49,腎尿細管の尿酸トランスポーター（URAT1）を阻害して、尿酸再吸収を抑制するのはどれか。1つ選べ。,コルヒチン,フェブキソスタット,プロベネシド,アロプリノール,ラスブリカーゼ,3,,102-33 102-35 102-36 103-37 103-38 103-39 105-36 105-38 106-31 106-32 106-34 106-37 107-32 107-38 108-37 108-38 108-39 109-36 109-37 110-37 111-37 111-38 111-40
107,40,薬理,未分類,9,6,肯定形,,,5,49,細菌のリボソーム30S サブユニットに結合して、タンパク質合成を阻害する抗菌薬はどれか。1つ選べ。,クリンダマイシン,ストレプトマイシン,リネゾリド,エリスロマイシン,クロラムフェニコール,2,,102-34 104-35 105-33 107-34 108-26 109-30 109-32 109-38
107,41,薬剤,吸収・膜透過,28,10,肯定形,,○,5,74,下図のセファレキシンの消化管吸収に主として関与するトランスポーターはどれか。1つ選べ。 CO2H CH3 N S H H H2N H O H N O,有機アニオントランスポーター OAT1,有機カチオントランスポーター OCT2,P︲糖タンパク質,ペプチドトランスポーター PEPT1,グルコーストランスポーター SGLT2,4,,102-42 102-54 103-41 103-42 103-55 104-42 105-41 105-52 105-54 106-41 106-42 106-48 107-42 107-51 107-55 108-41 108-42 108-54 108-55 109-41 109-42 109-51 110-42 110-54 111-41 111-42 111-52
107,42,薬剤,吸収・膜透過,28,10,肯定形,,,5,56,アルミニウム、マグネシウム等の金属を含有する経口剤と同時に経口投与すると、吸収が低下する薬剤はどれか。1つ選べ。,オメプラゾール錠,レボフロキサシン錠,フェノバルビタール散,リボフラビン酪酸エステル錠,ワルファリンカリウム錠,2,,102-42 102-54 103-41 103-42 103-55 104-42 105-41 105-52 105-54 106-41 106-42 106-48 107-41 107-51 107-55 108-41 108-42 108-54 108-55 109-41 109-42 109-51 110-42 110-54 111-41 111-42 111-52
107,43,薬剤,分布,9,5,肯定形,,,5,40,血漿タンパク質のうち、プロプラノロールとの親和性が最も高いのはどれか。1つ選べ。,アルブミン,a︲グロブリン,c︲グロブリン,フィブリノーゲン,a1︲酸性糖タンパク質,5,,105-42 105-51 107-50 107-54 108-43 109-43 109-48 110-43
107,44,薬剤,代謝,14,10,肯定形,,,5,31,コデインからモルヒネへの代謝に関与する酵素はどれか。1つ選べ。,CYP1A2,CYP2C9,CYP2D6,CYP3A4,UGT1A1,3,,102-43 103-44 103-45 104-44 104-55 105-43 105-44 106-44 108-44 108-47 109-44 110-44 111-44
107,45,薬剤,薬物動態パラメータ・計算,26,10,肯定形,○,,5,143,体内動態が1︲コンパートメントモデルに従う薬物800 mg をヒトに単回静脈内投与したところ、投与直後の血中濃度は40 ng/mL、投与6時間後の血中濃度は5 ng/mL であった。この薬物の消失速度定数（h-1）に最も近い値はどれか。1つ選べ。ただし、ln2 = 0 . 69とする。,0 . 12,0 . 23,0 . 35,0 . 69,2 . 0,3,,102-44 102-45 102-46 102-47 102-48 103-43 103-46 103-47 104-41 104-46 104-47 105-45 105-46 105-47 106-43 106-46 106-47 108-46 109-46 110-46 110-47 110-48 111-43 111-45 111-46
107,46,薬剤,排泄,7,7,肯定形,,○,,263,健常人におけるイヌリンの血漿中濃度と尿中排泄速度との関係を正しく表したグラフはどれか。1つ選べ。 i ） n m / g m （度速泄排中尿 i ） n m / g m （度速泄排中尿10 0 0 10 0 0血漿中濃度（mg/dL）10 10 i ） n m / g m （度速泄排中尿 i ） n m / g m （度速泄排中尿10 0 0 10 0 0 i ） n m / g m （度速泄排中尿10 0 0 10 10血漿中濃度（mg/dL）血漿中濃度（mg/dL）10血漿中濃度（mg/dL）血漿中濃度（mg/dL）,,,,,,4,,102-41 104-45 106-45 108-45 109-45 110-45
107,47,薬剤,相互作用・TDM,5,5,肯定形,,,5,52,炭酸水素ナトリウムの併用によって、キニジンの血中濃度が上昇する原因として最も適切なのはどれか。1つ選べ。,消化管吸収の阻害,肝代謝酵素の阻害,胆汁排泄の促進,腎尿細管分泌の促進,腎尿細管再吸収の促進,5,,104-48 108-48 109-47 111-47
107,48,薬剤,製剤材料の物性,35,10,肯定形,,○,5,70,図は、結晶固体及び非晶質固体の比容積と温度との関係を示したものである。温度アが示すのはどれか。1つ選べ。液体過冷却液体積容比ガラス結晶ア温度,凝固点,沸点,ガラス転移点,融点,結晶化温度,3,,102-50 102-51 102-52 102-53 103-48 103-49 103-51 103-54 104-50 104-51 104-53 104-54 105-48 105-50 106-49 106-50 106-52 107-49 108-49 108-50 108-52 108-53 109-49 109-50 109-52 109-53 110-49 110-50 110-51 110-52 111-48 111-49 111-50 111-51
107,49,薬剤,製剤材料の物性,35,10,肯定形,,,,99,分散系における分散相と分散媒の組合せのうち、正しいのはどれか。1つ選べ。性状分散相サスペンションエマルションエアゾールフォーム（泡沫）キセロゲル固体液体気体液体固体分散媒気体液体液体又は固体気体液体,,,,,,2,,102-50 102-51 102-52 102-53 103-48 103-49 103-51 103-54 104-50 104-51 104-53 104-54 105-48 105-50 106-49 106-50 106-52 107-48 108-49 108-50 108-52 108-53 109-49 109-50 109-52 109-53 110-49 110-50 110-51 110-52 111-48 111-49 111-50 111-51
107,50,薬剤,分布,9,5,肯定形,,,5,43,水性懸濁液中の粒子の分散安定性を高めるために添加される半合成高分子はどれか。1つ選べ。,ポビドン,メタクリル酸コポリマー,アルブミン,カルメロースナトリウム,アラビアゴム,4,,105-42 105-51 107-43 107-54 108-43 109-43 109-48 110-43
107,51,薬剤,吸収・膜透過,28,10,肯定形,,,5,57,日本薬局方において、「経口投与する、液状又は流動性のある粘稠なゲル状の製剤」と定義されているのはどれか。1つ選べ。,発泡顆粒剤,経口ゼリー剤,シロップ剤,口腔内崩壊フィルム剤,経口液剤,5,,102-42 102-54 103-41 103-42 103-55 104-42 105-41 105-52 105-54 106-41 106-42 106-48 107-41 107-42 107-55 108-41 108-42 108-54 108-55 109-41 109-42 109-51 110-42 110-54 111-41 111-42 111-52
107,52,薬剤,製剤各論・製剤総則,13,8,肯定形,,,5,49,全身作用を目的としたナファレリン酢酸塩水和物製剤の適用部位として、最も適切なのはどれか。1つ選べ。,眼,肺,鼻,皮膚,耳,3,,102-55 103-50 103-52 103-53 104-49 104-52 105-53 106-53 106-54 107-53 109-54 111-53
107,53,薬剤,製剤各論・製剤総則,13,8,肯定形,,,5,30,小児の誤飲防止を目的として用いられる包装はどれか。1つ選べ。,PTP（Press Through Package）包装,SP（Strip Package）包装,ピロー包装,タンパレジスタント包装,チャイルドレジスタンス包装,5,,102-55 103-50 103-52 103-53 104-49 104-52 105-53 106-53 106-54 107-52 109-54 111-53
107,54,薬剤,分布,9,5,否定形,,,5,52,薬物送達システム（DDS）の概念に基づいて製剤を開発する際の利点として、誤っているのはどれか。1つ選べ。,病巣部位への薬物の集積,薬効の持続化,血液脳関門の透過性改善,腎排泄の増大,副作用の軽減,4,,105-42 105-51 107-43 107-50 108-43 109-43 109-48 110-43
107,55,薬剤,吸収・膜透過,28,10,肯定形,,,5,36,吸収促進剤の添加により水溶性薬物の吸収を改善した薬剤はどれか。1つ選べ。,バラシクロビル錠,セフチゾキシムナトリウム坐剤,イトラコナゾール内用液,シクロスポリン内用液,カンデサルタンシレキセチル錠,2,,102-42 102-54 103-41 103-42 103-55 104-42 105-41 105-52 105-54 106-41 106-42 106-48 107-41 107-42 107-51 108-41 108-42 108-54 108-55 109-41 109-42 109-51 110-42 110-54 111-41 111-42 111-52
107,56,病態・薬物治療,免疫・膠原病・血液疾患,8,8,肯定形,,,5,35,全身性エリテマトーデス（SLE）に特異性の高い抗体はどれか。1つ選べ。,抗チログロブリン抗体（抗サイログロブリン抗体）,抗二本鎖 DNA 抗体,抗 CCP 抗体（抗環状シトルリン化ペプチド抗体）,抗 Jo︲1抗体,抗 GAD 抗体（抗グルタミン酸デカルボキシラーゼ抗体）,2,,102-58 103-64 105-65 106-61 108-57 109-60 111-66
107,57,病態・薬物治療,副作用・薬剤性疾患,18,9,肯定形,,,5,29,間質性肺炎の指標として、特異度が高いのはどれか。1つ選べ。,アミラーゼ（AMY）,脳性ナトリウム利尿ペプチド（BNP）,クレアチンキナーゼ（CK）,グリコヘモグロビン（HbA1c）,シアル化糖鎖抗原（KL︲6）,5,,103-68 103-70 104-58 105-58 106-56 106-68 108-58 108-60 108-65 108-66 108-69 109-59 109-61 110-57 110-58 111-57 111-65
107,58,病態・薬物治療,精神・神経疾患,16,8,肯定形,,,5,33,重症筋無力症の初発症状として、最も頻度が高いのはどれか。1つ選べ。,手指の振戦,嚥下障害,四肢の麻痺,眼瞼下垂,発熱,4,,102-61 103-60 104-61 104-62 105-62 106-58 106-59 106-64 107-59 107-60 107-61 107-62 109-56 109-57 110-60
107,59,病態・薬物治療,精神・神経疾患,16,8,肯定形,,,5,35,健常者におけるレム睡眠に関する記述のうち、正しいのはどれか。1つ選べ。,急速な眼球運動が特徴である。,筋肉の緊張が亢進する。,入眠直後に多い。,脳波で高振幅徐波を認める。,加齢とともに増加する。,1,,102-61 103-60 104-61 104-62 105-62 106-58 106-59 106-64 107-58 107-60 107-61 107-62 109-56 109-57 110-60
107,60,病態・薬物治療,精神・神経疾患,16,8,肯定形,,,5,42,自動車の運転等危険を伴う機械の操作に従事させないよう注意する薬剤はどれか。1つ選べ。,タムスロシン塩酸塩錠,クロルマジノン酢酸エステル錠,セルニチンポーレンエキス錠,フルタミド錠,エストラムスチンリン酸エステルナトリウム水和物カプセルせん,1,,102-61 103-60 104-61 104-62 105-62 106-58 106-59 106-64 107-58 107-59 107-61 107-62 109-56 109-57 110-60
107,61,病態・薬物治療,精神・神経疾患,16,8,肯定形,,,5,29,閃き輝あん暗てん点を伴うことがある頭痛はどれか。1つ選べ。,片頭痛,反復性緊張型頭痛,慢性緊張型頭痛,反復性群発頭痛,慢性群発頭痛,1,,102-61 103-60 104-61 104-62 105-62 106-58 106-59 106-64 107-58 107-59 107-60 107-62 109-56 109-57 110-60
107,62,病態・薬物治療,精神・神経疾患,16,8,肯定形,,,5,21,依存性の最も少ない薬物はどれか。1つ選べ。,ペンタゾシン,メチルフェニデート,グアンファシン,メタンフェタミン,ペモリン,3,,102-61 103-60 104-61 104-62 105-62 106-58 106-59 106-64 107-58 107-59 107-60 107-61 109-56 109-57 110-60
107,63,病態・薬物治療,産婦人科・小児・皮膚眼科ほか,6,6,肯定形,,,5,24,子宮内膜症の治療に用いる薬剤はどれか。1つ選べ。,エチニルエストラジオール錠,エンザルタミド錠,オキシトシン注,リュープロレリン酢酸塩注,レトロゾール錠,4,,102-70 105-60 109-66 110-64 111-64
107,64,病態・薬物治療,検査値・臨床検査,7,5,肯定形,,,5,29,急性胆管炎に関する記述のうち、正しいのはどれか。1つ選べ。,左下腹部に痛みを生じる。,発熱を伴うことはまれである。,血中白血球数が減少する。,血清 ALP（アルカリフォスファターゼ）活性が上昇する。,血中間接ビリルビン値が上昇する。,4,,103-57 103-58 106-57 107-70 110-66 111-59
107,65,病態・薬物治療,代謝・内分泌疾患,15,7,肯定形,,,5,34,原発性アルドステロン症の臨床所見として、正しいのはどれか。1つ選べ。,低血圧症,低ナトリウム血症,低カリウム血症,インスリン分泌の増加,レニン活性の上昇,3,,102-59 103-59 103-63 103-65 106-60 109-58 109-62 109-64 109-65 110-62 110-63 111-56 111-62 111-63
107,66,病態・薬物治療,呼吸器・アレルギー疾患,12,7,肯定形,,,5,33,活性型ビタミン D3外用薬が適用される皮膚疾患はどれか。1つ選べ。,接触性皮膚炎,爪白癬,アトピー性皮膚炎,じん麻疹,尋常性乾癬,5,,102-62 103-61 103-62 104-64 104-69 105-61 105-64 105-70 108-64 110-61 110-67
107,67,病態・薬物治療,がん,13,9,肯定形,,,5,30,がん終末期における呼吸困難に対する治療薬はどれか。1つ選べ。,アセトアミノフェン,アドレナリン,スキサメトニウム,デキストロメトルファン,モルヒネ,5,,102-56 102-63 102-66 103-56 104-59 104-65 105-57 105-59 106-67 108-56 110-68 111-67
107,68,病態・薬物治療,医薬品情報・EBM,11,7,否定形,,,5,21,組換え体医薬品でないのはどれか。1つ選べ。,アルテプラーゼ,カルペリチド,ソラフェニブ,ニボルマブ,レノグラスチム,3,,102-67 103-66 104-67 104-68 104-70 107-69 109-68 109-70 110-69 111-70
107,69,病態・薬物治療,医薬品情報・EBM,11,7,肯定形,,,5,22,厚生労働省が発行する資料はどれか。1つ選べ。,医療用医薬品添付文書,医薬品インタビューフォーム,医薬品リスク管理計画,医薬品・医療機器等安全性情報,くすりのしおり,4,,102-67 103-66 104-67 104-68 104-70 107-68 109-68 109-70 110-69 111-70
107,70,病態・薬物治療,検査値・臨床検査,7,5,肯定形,,,,266,被験者100人について、ある臨床検査値Ｘを調べた時のヒストグラムが以下のようになった。同じデータに基づいて作成した箱ひげ図として、妥当なのはどれか。1つ選べ。）人（数人30 25 20 15 10 5 0～10～15～20～25～30～35～40～45～50～55～60検査値Ｘ Ｘ 値査検60 50 40 30 20 10 0 Ｘ 値査検 Ｘ 値査検60 50 40 30 20 10 0 60 50 40 30 20 10 0 Ｘ 値査検 Ｘ 値査検60 50 40 30 20 10 0 60 50 40 30 20 10 0,,,,,,3,,103-57 103-58 106-57 107-64 110-66 111-59
107,71,法規・制度・倫理,薬剤師法,13,8,否定形,,,5,38,調剤済みとなった処方箋に薬剤師が記載しなければならないのはどれか。1つ選べ。,患者の病名,患者の住所,調剤年月日,調剤した薬剤師の薬剤師名簿登録番号,服薬指導の内容,3,,102-72 102-73 102-75 104-74 105-79 106-72 106-73 107-72 107-78 108-71 109-73 110-71
107,72,法規・制度・倫理,薬剤師法,13,8,肯定形,○,,5,147,新有効成分薬物などの初回治験計画を届け出る場合、保健衛生上の危害の発生を防止するために、厚生労働大臣が必要な調査を行う期間が設けられている。そのため、届出した日から（ア）日を経過した後でなければ、治験を依頼し、又は自ら実施してはならない。（ア）にあてはまる数値として正しいのはどれか。1つ選べ。,3,7,15,30,60,4,,102-72 102-73 102-75 104-74 105-79 106-72 106-73 107-71 107-78 108-71 109-73 110-71
107,73,法規・制度・倫理,法体系・憲法,5,5,肯定形,,,5,74,GVP 省令に基づき、新医薬品の適正使用のための情報提供と副作用情報の把握のために、市販後のある一定期間、製造販売業者が行う調査はどれか。1つ選べ。,一般使用成績調査,製造販売後臨床試験,市販直後調査,特定使用成績調査,使用成績比較調査,3,,102-71 103-71 106-74 108-74
107,74,法規・制度・倫理,薬学史・薬害,6,5,肯定形,,,5,45,薬害事案として、血友病患者への非加熱血液製剤の使用が原因となり生じたのはどれか。1つ選べ。,HIV 感染症,クロイツフェルト・ヤコブ病,アザラシ肢症,スモン病,クロロキン網膜症,1,,102-77 103-75 108-72 108-75 111-73
107,75,法規・制度・倫理,毒薬・劇薬・毒物劇物,5,5,肯定形,,,5,43,毒物劇物営業者が行う毒物の容器及び被包への表示方法として、正しいのはどれか。1つ選べ。,「医薬用外」の文字及び白地に黒色をもって「毒物」の文字,「医薬用外」の文字及び黒地に白色をもって「毒物」の文字,「医薬用外」の文字及び赤地に白色をもって「毒物」の文字,「医薬用外」の文字及び白地に赤色をもって「毒」の文字,「医薬用外」の文字及び白地に黒色をもって「毒」の文字,3,,103-79 104-73 105-72 110-74
107,76,法規・制度・倫理,麻薬・向精神薬・覚醒剤,9,6,肯定形,,,5,65,次のうち、麻薬及び向精神薬取締法に基づく「証紙による封かん」の封が施されていない麻薬を譲り渡すことができる業者はどれか。1つ選べ。,麻薬輸入業者,麻薬製造業者,麻薬元卸売業者,麻薬卸業者,麻薬小売業者,5,,104-75 105-71 105-77 106-75 106-76 106-77 109-77 111-77
107,77,法規・制度・倫理,薬機法・医薬品の分類,18,9,肯定形,,○,5,85,図は、保険医療における医薬品供給の流れの一例を示している。薬価どおりの価格による取引はどれか。1つ選べ。 Ａ 製造業製造販売業 Ｂ 卸売販売業 Ｃ 保険薬局 Ｅ 患者 Ｄ,Ａ,Ｂ,Ｃ,Ｄ,Ｅ,5,,103-73 103-74 103-80 104-76 104-78 105-75 105-78 105-80 106-80 108-76 109-74 109-75 110-72 110-73 110-75 111-71 111-75
107,78,法規・制度・倫理,薬剤師法,13,8,否定形,,,5,43,2018年に制定された「薬剤師行動規範」の内容として、適切でないのはどれか。1つ選べ。,患者の自己決定権の尊重,差別の排除,医療資源の公正な配分,収益性を優先した医薬品供給,国民の主体的な健康管理への支援,4,,102-72 102-73 102-75 104-74 105-79 106-72 106-73 107-71 107-72 108-71 109-73 110-71
107,79,法規・制度・倫理,倫理・臨床研究,9,8,肯定形,,,5,62,ニュルンベルク綱領を踏まえ「人間を対象とする医学研究の倫理的原則」を内容とする、世界医師会が採択した宣言はどれか。1つ選べ。,リスボン宣言,ヘルシンキ宣言,世界人権宣言,ジュネーブ宣言,ポツダム宣言,2,,102-79 103-77 103-78 104-79 106-71 108-79 109-72 110-78
107,80,法規・制度・倫理,医療法・医療提供体制,7,7,否定形,,,5,33,学校薬剤師の設置が法律で義務付けられていないのはどれか。1つ選べ。,幼稚園,小・中学校,高等学校,大学,特別支援学校,4,,102-74 103-72 104-77 105-76 110-76 111-74
107,81,実務,治験・臨床研究の実務,5,5,肯定形,,,5,39,「インフォームド・コンセント」に関する記述のうち、正しいのはどれか。1つ選べ。,治験の被験者に対してのみ実施する。,同意後には撤回できない。,同意後には患者情報は個人名で一般公開する。,本人に意思決定能力があれば、患者の主体性を重んじる。,患者の心情に配慮するため、不安を与える内容は伝えない。,4,,102-81 103-83 104-82 111-85
107,82,実務,チーム医療・病棟業務,5,5,肯定形,,,5,127,以下の説明文に該当するのはどれか。1つ選べ。厚生労働省において、2025年を目途に、高齢者の尊厳の保持と自立生活の支援の目的のもとで、可能な限り住み慣れた地域で、自分らしい暮らしを人生の最期まで続けることができるような仕組みを構築することを推進している。,地域包括ケアシステム,地域医療情報システム,地域連携クリニカルパス,健康サポート薬局,かかりつけ薬局,1,,105-89 106-81 108-81 109-89
107,83,実務,医薬品管理・保管,9,5,肯定形,,,5,56,薬学的管理の経過を SOAP 形式で記録する場合、「O」の項目に記載する内容として、適切なのはどれか。1つ選べ。,医師への処方提案内容,患者の自覚症状,投与方法の妥当性の評価,薬に対する患者の訴え,血中薬物濃度の測定値,5,,102-82 102-88 104-86 104-89 105-81 105-84 105-86 109-87
107,84,実務,注射・無菌調製・配合変化,11,6,否定形,,,5,46,循環血液量の減少時における細胞外液の補給に用いる輸液として、適切でないのはどれか。1つ選べ。,生理食塩水,5％ブドウ糖液,乳酸リンゲル液,酢酸リンゲル液,5％ブドウ糖加乳酸リンゲル液,2,,103-81 103-85 103-90 104-83 107-85 108-82 108-85 109-82 111-81 111-83
107,85,実務,注射・無菌調製・配合変化,11,6,肯定形,,,5,33,抗がん剤の無菌調製に関する記述のうち、適切なのはどれか。1つ選べ。,調製者は、手袋を二重に装着する。,調製作業は、クリーンベンチ内で行う。,調製に使用するシリンジの先端部は、ルアースリップ式を用いる。,バイアルから薬液を吸引する場合は、バイアル内を陽圧にする。,作業台が汚染した場合は、ペーパータオルで中心から外側に向かって拭き取る。,1,,103-81 103-85 103-90 104-83 107-84 108-82 108-85 109-82 111-81 111-83
107,86,実務,消毒・感染対策,9,8,肯定形,,,5,29,風しんの流行の原因となる主要な感染経路はどれか。1つ選べ。,食品媒介感染,昆虫媒介感染,飛沫感染,空気感染,垂直感染,3,,102-86 103-88 104-84 105-85 108-86 108-88 109-88 111-87
107,87,実務,服薬指導・製剤の取扱い,12,9,否定形,,,5,81,薬剤師が糖尿病患者を訪問薬剤管理指導のために訪れた際、猛暑の中でぐったりしていたため脱水を疑いアセスメントをした。その項目として、適切でないのはどれか。1つ選べ。,口渇の有無,脇の下の乾燥,HbA1c 値,爪圧迫時の色調変化,脈拍,3,,102-85 103-89 105-88 106-82 106-88 107-88 108-89 109-81 109-85 110-83 111-88
107,88,実務,服薬指導・製剤の取扱い,12,9,肯定形,,,5,77,病院を退院した患者が在宅療養となった。かかりつけ薬剤師がその患者に居宅療養管理指導を行うために、居宅サービス計画書の作成を依頼する職種はどれか。1つ選べ。,医師,介護支援専門員,作業療法士,訪問看護師,訪問介護員,2,,102-85 103-89 105-88 106-82 106-88 107-87 108-89 109-81 109-85 110-83 111-88
107,89,実務,在宅・地域・セルフメディケーション,10,7,肯定形,,,5,23,疾病の一次予防に該当するのはどれか。1つ選べ。,がん検診,がん患者への緩和ケア,うつ病患者に対する社会復帰支援,歩行機能低下患者に対する機能訓練,地域住民を対象とした健康教室,5,,102-89 103-87 105-90 108-87 109-83 109-86 110-81 110-84 110-85
107,90,実務,ドーピング,2,2,肯定形,,,5,51,直近10年間の世界アンチドーピング規程において、禁止物質として指定されていない薬物はどれか。1つ選べ。,アセタゾラミド,エリスロポエチン,メチルテストステロン,カフェイン,メチルフェニデート,4,,111-82
108,1,物理,物質の状態・相平衡,3,3,肯定形,,○,5,42,下図は水の状態図である。アからイへの矢印が表す相変化はどれか。1つ選べ。圧力イア温度,融解,凝縮,昇華,凝固,蒸発,2,,103-3 104-3
108,2,物理,熱力学,6,5,肯定形,,○,5,137,反応1と反応2が共役して起こる反応3の平衡定数 K の値を、反応1と反応2それぞれの平衡定数である K 1、K 2で表したのはどれか。1つ選べ。 Ａ + Ｂ Ｃ + Ｄ K 1 K 2 Ｃ Ｅ + Ｆ 反応1反応2 Ａ + Ｂ + Ｄ K Ｅ + Ｆ 反応3 1 K = K,+ K,2 K = K 2 - K 1 × K 2,K = K 1,K = K 1 / K 2,K = K 2 / K 1,3,,103-1 103-4 105-5 107-2 110-2
108,3,物理,分析の基礎・バリデーション,10,6,肯定形,,,5,68,白金線を用いた炎色反応で黄赤（橙）色を呈し、その溶液に炭酸アンモニウム試液を加えるとき、白色の沈殿を生じる金属イオンはどれか。1つ選べ。,Ca2+,Ba2+,Cu2+,Al3+,K+,1,,102-1 103-5 105-1 105-3 105-4 106-2 106-3 108-5 111-5
108,4,物理,容量分析・日局一般試験法,5,5,肯定形,,,5,58,日本薬局方容量分析用標準液0 . 1 mol/L チオ硫酸ナトリウム液の標定に用いられる標準試薬はどれか。1つ選べ。,I2,NaI,KI,KIO4,KIO3,5,,102-4 104-2 105-2 106-1
108,5,物理,分析の基礎・バリデーション,10,6,肯定形,,,5,44,血清試料の前処理において、除タンパクに用いる酸として最も適しているのはどれか。1つ選べ。,塩酸,硝酸,硫酸,過塩素酸,乳酸,4,,102-1 103-5 105-1 105-3 105-4 106-2 106-3 108-3 111-5
108,6,化学,医薬品の構造,4,4,肯定形,,○,,166,日本薬局方収載医薬品の化学名（2S）︲2︲Amino︲4︲methylpentanoic acid に対し、正しい構造式はどれか。1つ選べ。 H CH3 H3C CO2H H NH2 CH3 H OH H3C CO2H H3C CO2H H NH2 H NH2 H3C CO2H H CH3 NH2 S H3C CO2H H NH2,,,,,,4,,102-9 103-6 105-8
108,7,化学,未分類,6,6,否定形,,○,,87,メソ体でないのはどれか。1つ選べ。 CH3 H3C CH3 Br Br CH3 H OH C C HO H CH3 Br H H3C H CH3 Br OH HO OH OH,,,,,,2,,102-6 104-10 106-6 109-8 110-9
108,8,化学,生薬・天然物,6,6,肯定形,,,5,18,基原が根皮の生薬はどれか。1つ選べ。,ボタンピ,ケイヒ,コウボク,オウバク,トチュウ,1,,105-10 106-10 107-10 109-10 111-10
108,9,化学,立体化学,7,7,肯定形,,,,134,以下のカルボニル化合物の反応のうち、主生成物に不斉炭素が生じるのはどれか。1つ選べ。ただし、すべての反応は終了後、適切な後処理を施していることとする。 O NaBH4 O CH3CH2MgBr O OCH3 CHO O CH3 LiAIH4 HCN CH3OH 酸触媒,,,,,,4,,102-7 103-7 104-8 105-9 106-8 107-8
108,10,化学,無機・電子論,6,6,否定形,,,5,32,マグネシウムに関する記述のうち、誤っているのはどれか。1つ選べ。,マグネシウムイオンは、カルシウムイオンに比べてイオン半径が小さい。,マグネシウムイオンは、ルイス酸として ATP のリン酸基と結合する。,空気中で金属マグネシウムが燃焼すると、酸化マグネシウムとなる。,マグネシウムは、典型元素である。,酸化マグネシウムは、酸性酸化物である。,5,,103-9 104-6 107-9 109-7 110-7
108,11,生物,人体の構造と機能,13,8,肯定形,,○,,35,下図は、人体骨格の模式図である。1～5のうち、仙骨はどれか。1つ選べ。,,,,,,4,,102-11 103-11 104-11 104-12 105-11 105-14 108-12 109-11 109-12 109-14 110-11 111-11
108,12,生物,人体の構造と機能,13,8,肯定形,,○,,69,下図は、ヒトの脳の正中矢状断面図である。1～5のうち、血圧調節をつかさどる心臓血管中枢（血管運動中枢とも呼ぶ）を含むのはどれか。1つ選べ。,,,,,,5,,102-11 103-11 104-11 104-12 105-11 105-14 108-11 109-11 109-12 109-14 110-11 111-11
108,13,生物,免疫,8,7,肯定形,,○,,227,アポトーシス細胞の細胞表面に露出してマクロファージによる貪食を促すホスファチジルセリンはどれか。1つ選べ。 HO H3C H3C H3C H3C H3C H3C CH3 CH3 H3C O O H2C O O O CH H2C O CH3 CH3 CO2H H3C H3C CH OH O N CH H O + H2C O P O CH2CH2N（CH3）3 O- O O O CH2 O CH O CO2 + H2C O P O CH2CHNH3 O-,,,,,,5,,102-15 103-14 104-15 105-15 108-15 109-15 111-13
108,14,生物,酵素,3,3,肯定形,,,5,44,サイクリック AMP（cAMP）の結合により活性化されるリン酸化酵素はどれか。1つ選べ。,アデニル酸シクラーゼ,cAMP ホスホジエステラーゼ（PDE Ⅲ）,プロテインキナーゼ A,プロテインキナーゼ B（Akt）,プロテインキナーゼ C,3,,103-15 106-14
108,15,生物,免疫,8,7,肯定形,,,5,35,自然免疫系に認識される、グラム陰性菌に特徴的な構造はどれか。1つ選べ。,フラジェリン,ペプチドグリカン,リポ多糖（LPS）,二本鎖 RNA（dsRNA）,b︲グルカン,3,,102-15 103-14 104-15 105-15 108-13 109-15 111-13
108,16,衛生,感染症・予防接種,10,9,肯定形,,,5,117,感染症法＊において、「動物又はその死体、飲食物、衣類、寝具その他の物件を介して人に感染し、国民の健康に影響を与えるおそれがある感染症」に分類されるのはどれか。1つ選べ。 ＊感染症法：感染症の予防及び感染症の患者に対する医療に関する法律,性器クラミジア感染症,デング熱,マイコプラズマ肺炎,麻しん,流行性耳下腺炎,2,,102-19 103-19 104-18 105-19 105-20 106-18 109-17 110-17 111-16
108,17,衛生,環境衛生,22,10,肯定形,,○,5,150,下図は、我が国における2017年から2021年までの業務上疾病の発生状況を示したものである。A に該当する疾病はどれか。1つ選べ。30000 20000 10000）人（数生発病原体による疾病 Ａ 0 2017 2018 2019 2020 2021年厚生労働省業務上疾病発生状況等調査結果を基に作成,手指前腕の障害及び頸肩腕症候群,熱中症,振動障害,騒音性難聴,災害性腰痛,5,,102-24 102-25 103-24 103-25 104-21 104-24 104-25 105-25 106-23 106-24 106-25 107-25 108-23 108-24 108-25 109-18 109-25 110-23 110-24 110-25 111-24
108,18,衛生,食中毒・食品衛生,19,9,肯定形,,○,,113,食品の水分活性を表す式として正しいのはどれか。1つ選べ。ただし、P は食品を入れて密封した容器内の水蒸気圧、P0はその温度における純水の飽和蒸気圧を表す。1 P - P0 2 P0 - P P0 P P P0 P P + P0,,,,,,4,,102-16 102-17 102-18 103-17 103-18 104-16 104-17 105-16 105-18 107-17 107-18 107-20 108-19 108-20 109-20 110-19 110-20 111-21
108,19,衛生,食中毒・食品衛生,19,9,肯定形,,,5,47,保健機能食品制度において、栄養機能食品として栄養機能表示ができない食品成分はどれか。1つ選べ。,ナトリウム,n︲3系脂肪酸,カルシウム,パントテン酸,ビタミン A,1,,102-16 102-17 102-18 103-17 103-18 104-16 104-17 105-16 105-18 107-17 107-18 107-20 108-18 108-20 109-20 110-19 110-20 111-21
108,20,衛生,食中毒・食品衛生,19,9,肯定形,,,5,60,耐熱性芽胞を形成する偏性嫌気性細菌で、大型の深鍋で調理したカレーやシチューによる食中毒の原因となるのはどれか。1つ選べ。,黄色ブドウ球菌,カンピロバクター・ジェジュニ／コリ,サルモネラ属菌,腸炎ビブリオ,ウェルシュ菌,5,,102-16 102-17 102-18 103-17 103-18 104-16 104-17 105-16 105-18 107-17 107-18 107-20 108-18 108-19 109-20 110-19 110-20 111-21
108,21,衛生,栄養・食事摂取基準,10,7,肯定形,,,5,30,生態系を構成する生物のうち、独立栄養生物はどれか。1つ選べ。,一次消費者,二次消費者,高次消費者,分解者,生産者,5,,103-16 103-23 105-23 106-20 107-16 107-19 109-19 111-18 111-19
108,22,衛生,化学物質の毒性・解毒,20,10,肯定形,○,,5,141,ある海域の海水中の化学物質Ａの濃度は5 × 10-8 mg/L であり、この海域に生息するシャチの体内から検出された化学物質Ａの濃度は1 × 10-3 mg/kg であった。このときの生物濃縮係数に最も近い値はどれか。1つ選べ。ただし、海水の比重は1 . 0と近似できるものとする。,5 × 10-5,5 × 10-3,1 × 101,2 × 102,2 × 104,5,,102-21 103-21 103-22 104-22 104-23 105-17 105-22 105-24 106-21 106-22 107-22 107-23 107-24 109-22 110-18 110-21 111-22 111-23 111-25
108,23,衛生,環境衛生,22,10,肯定形,,,5,41,近年、我が国において水道の水源として年間取水量が最も多いのはどれか。1 1つ選べ。,河川水,伏流水,ダム水,湖沼水,井戸水,3,,102-24 102-25 103-24 103-25 104-21 104-24 104-25 105-25 106-23 106-24 106-25 107-25 108-17 108-24 108-25 109-18 109-25 110-23 110-24 110-25 111-24
108,24,衛生,環境衛生,22,10,肯定形,,,5,32,水質汚濁指標である溶存酸素量（DO）の測定法はどれか。1つ選べ。,インドフェノール法,ウインクラー法,エチレンジアミン四酢酸（EDTA）による滴定法,硝酸銀滴定法（モール法）,ピリジン・ピラゾロン法,2,,102-24 102-25 103-24 103-25 104-21 104-24 104-25 105-25 106-23 106-24 106-25 107-25 108-17 108-23 108-25 109-18 109-25 110-23 110-24 110-25 111-24
108,25,衛生,環境衛生,22,10,肯定形,,,5,62,病院薬剤部において高カロリー輸液を調製する際に排出される廃棄物のうち、感染性廃棄物と同等の取扱いとするのはどれか。1つ選べ。,輸液バッグのゴム栓のアルコール消毒に用いたガーゼ,輸液バッグへ薬液を添加するのに用いた注射筒,輸液バッグへ薬液を添加するのに用いた注射針,輸液バッグへ添加する薬液を取って空になったバイアル,調製時に用いたディスポーザブル手袋,3,,102-24 102-25 103-24 103-25 104-21 104-24 104-25 105-25 106-23 106-24 106-25 107-25 108-17 108-23 108-24 109-18 109-25 110-23 110-24 110-25 111-24
108,26,薬理,未分類,9,6,肯定形,,,5,32,タキフィラキシーに関する記述として、正しいのはどれか。1つ選べ。,短時間の反復投与による薬物に対する反応性の増強,短時間の反復投与による薬物に対する反応性の減弱,長期間の反復投与による薬物に対する反応性の増強,長期間の反復投与による薬物に対する依存性の獲得,長期薬物投与後の休薬による薬物に対する反応性の増強,2,,102-34 104-35 105-33 107-34 107-40 109-30 109-32 109-38
108,27,薬理,自律神経作用薬,38,10,肯定形,,○,5,155,麻酔下のラットに低用量のアセチルコリン（5 ng/kg）を静脈内投与すると、急速に血圧が下降したが、アトロピン（1 mg/kg）を静脈内投与後に高用量のアセチルコリン（500 ng/kg）を静脈内投与すると、血圧が上昇した。アトロピン投与後の高用量のアセチルコリンによる血圧上昇に関係するのはどれか。1つ選べ。,アセチルコリン M1受容体,アセチルコリン M2受容体,アセチルコリン M3受容体,アセチルコリン NN 受容体,アセチルコリン NM 受容体,4,,102-27 102-29 103-26 103-28 103-29 103-30 104-27 104-28 104-33 104-40 105-28 105-29 105-37 106-27 106-28 106-35 106-40 107-26 107-27 107-28 107-29 108-28 108-34 108-36 108-40 109-26 109-27 109-34 109-35 110-26 110-27 110-28 110-29 110-31 111-26 111-33 111-35
108,28,薬理,自律神経作用薬,38,10,肯定形,,,5,26,抗うつ薬デュロキセチンの作用機序はどれか。1つ選べ。,セロトニン5︲HT1A 受容体遮断,セロトニン5︲HT2A 受容体遮断,アドレナリン a2受容体遮断,セロトニン及びグルタミン酸の再取り込み阻害,セロトニン及びノルアドレナリンの再取り込み阻害,5,,102-27 102-29 103-26 103-28 103-29 103-30 104-27 104-28 104-33 104-40 105-28 105-29 105-37 106-27 106-28 106-35 106-40 107-26 107-27 107-28 107-29 108-27 108-34 108-36 108-40 109-26 109-27 109-34 109-35 110-26 110-27 110-28 110-29 110-31 111-26 111-33 111-35
108,29,薬理,炎症・アレルギー・免疫薬,5,4,肯定形,,○,,100,シクロオキシゲナーゼを不可逆的に阻害する抗炎症薬はどれか。1つ選べ。 OH O H3C N H H2N CO2H OH CO2H O O CH3 CO2Na OH H3C H CH3 CH3 CO2H,,,,,,2,,102-38 104-38 108-30 109-29
108,30,薬理,炎症・アレルギー・免疫薬,5,4,肯定形,,,5,28,スプラタストの抗アレルギー作用の機序はどれか。1つ選べ。,ヒスタミン H1受容体遮断,Th2サイトカイン産生抑制,トロンボキサン合成酵素阻害,5︲リポキシゲナーゼ阻害,プロスタノイド TP 受容体遮断,2,,102-38 104-38 108-29 109-29
108,31,薬理,循環器作用薬,15,9,肯定形,,,5,41,心室筋の活動電位持続時間を延長させる可能性が最も高い抗不整脈薬はどれか。1つ選べ。,ジソピラミド,リドカイン,メキシレチン,ピルシカイニド,プロパフェノン,1,,102-28 102-31 102-32 103-34 103-35 104-31 106-33 107-33 107-35 108-32 109-31 109-33 110-34 111-32
108,32,薬理,循環器作用薬,15,9,肯定形,,,5,38,心房性ナトリウム利尿ペプチド受容体を刺激する心不全治療薬はどれか。1つ選べ。,コルホルシンダロパート,ピモベンダン,カルペリチド,ミルリノン,イバブラジン,3,,102-28 102-31 102-32 103-34 103-35 104-31 106-33 107-33 107-35 108-31 109-31 109-33 110-34 111-32
108,33,薬理,血液・造血薬,5,5,肯定形,,,5,47,血小板の ADP P2Y12受容体の遮断により、血小板凝集抑制作用を示すのはどれか。1つ選べ。,シロスタゾール,サルポグレラート,チカグレロル,オザグレル,ベラプロスト,3,,102-37 104-36 110-35 111-34
108,34,薬理,自律神経作用薬,38,10,肯定形,,○,5,38,前立腺肥大に伴う排尿障害を改善するタダラフィルの作用機序はどれか。1つ選べ。,ホスホジエステラーゼ V 阻害,アドレナリン a1受容体遮断,アドレナリン b3受容体刺激,アセチルコリン M3受容体刺激,コリンエステラーゼ阻害,1,,102-27 102-29 103-26 103-28 103-29 103-30 104-27 104-28 104-33 104-40 105-28 105-29 105-37 106-27 106-28 106-35 106-40 107-26 107-27 107-28 107-29 108-27 108-28 108-36 108-40 109-26 109-27 109-34 109-35 110-26 110-27 110-28 110-29 110-31 111-26 111-33 111-35
108,35,薬理,呼吸器・消化器薬,5,4,肯定形,,,5,43,H+，K+︲ATPase を不可逆的に阻害し、胃酸分泌を抑制するのはどれか。1つ選べ。,エソメプラゾール,ファモチジン,ピレンゼピン,ミソプロストール,テプレノン,1,,105-35 107-36 107-37 111-36
108,36,薬理,自律神経作用薬,38,10,肯定形,,○,5,27,ロペラミドの止瀉作用に関わる作用点はどれか。1つ選べ。,ドパミン D2受容体,オピオイド n 受容体,アセチルコリン M1受容体,セロトニン5︲HT3受容体,ヒスタミン H2受容体,2,,102-27 102-29 103-26 103-28 103-29 103-30 104-27 104-28 104-33 104-40 105-28 105-29 105-37 106-27 106-28 106-35 106-40 107-26 107-27 107-28 107-29 108-27 108-28 108-34 108-40 109-26 109-27 109-34 109-35 110-26 110-27 110-28 110-29 110-31 111-26 111-33 111-35
108,37,薬理,内分泌・代謝薬,24,9,肯定形,,,5,43,キサンチンオキシダーゼを阻害することで、尿酸の生合成を低下させるのはどれか。1つ選べ。,ブコローム,ベンズブロマロン,ドチヌラド,トピロキソスタット,ラスブリカーゼ,4,,102-33 102-35 102-36 103-37 103-38 103-39 105-36 105-38 106-31 106-32 106-34 106-37 107-32 107-38 107-39 108-38 108-39 109-36 109-37 110-37 111-37 111-38 111-40
108,38,薬理,内分泌・代謝薬,24,9,肯定形,,,5,70,LDL 受容体に対するプロタンパク質転換酵素サブチリシン / ケキシン9型（PCSK9）の結合を阻害する脂質異常症治療薬はどれか。1つ選べ。,コレスチミド,エゼチミブ,ロミタピド,エボロクマブ,ロスバスタチン,4,,102-33 102-35 102-36 103-37 103-38 103-39 105-36 105-38 106-31 106-32 106-34 106-37 107-32 107-38 107-39 108-37 108-39 109-36 109-37 110-37 111-37 111-38 111-40
108,39,薬理,内分泌・代謝薬,24,9,肯定形,,,5,28,デガレリクスの抗前立腺がん作用の機序はどれか。1つ選べ。,アンドロゲン受容体遮断,エストロゲン受容体刺激,GnRH（性腺刺激ホルモン放出ホルモン）受容体遮断,アロマターゼ阻害,5 a︲還元酵素阻害,3,,102-33 102-35 102-36 103-37 103-38 103-39 105-36 105-38 106-31 106-32 106-34 106-37 107-32 107-38 107-39 108-37 108-38 109-36 109-37 110-37 111-37 111-38 111-40
108,40,薬理,自律神経作用薬,38,10,肯定形,,○,5,27,緑内障治療薬ブリモニジンの作用機序はどれか。1つ選べ。,プロスタノイド EP2受容体刺激,プロスタノイド FP 受容体刺激,アドレナリン a2受容体刺激,アセチルコリン M3受容体刺激,Rho キナーゼ阻害,3,,102-27 102-29 103-26 103-28 103-29 103-30 104-27 104-28 104-33 104-40 105-28 105-29 105-37 106-27 106-28 106-35 106-40 107-26 107-27 107-28 107-29 108-27 108-28 108-34 108-36 109-26 109-27 109-34 109-35 110-26 110-27 110-28 110-29 110-31 111-26 111-33 111-35
108,41,薬剤,吸収・膜透過,28,10,肯定形,,○,,190,担体介在輸送がミカエリス・メンテン（Michaelis︲Menten）式に従うとき、薬物の輸送速度（v）を表す式はどれか。1つ選べ。ただし、薬物濃度を C、最大輸送速度を V max、ミカエリス定数を K m とする。1 V max + C K m 2 V max + 3 V max + C K m + C 1 K m・C V max・C K m V max・C K m + C,,,,,,5,,102-42 102-54 103-41 103-42 103-55 104-42 105-41 105-52 105-54 106-41 106-42 106-48 107-41 107-42 107-51 107-55 108-42 108-54 108-55 109-41 109-42 109-51 110-42 110-54 111-41 111-42 111-52
108,42,薬剤,吸収・膜透過,28,10,肯定形,,,5,25,胃内容排出速度を低下させる薬物はどれか。1つ選べ。,リボフラビン,プロパンテリン,メトクロプラミド,ドンペリドン,モサプリド,2,,102-42 102-54 103-41 103-42 103-55 104-42 105-41 105-52 105-54 106-41 106-42 106-48 107-41 107-42 107-51 107-55 108-41 108-54 108-55 109-41 109-42 109-51 110-42 110-54 111-41 111-42 111-52
108,43,薬剤,分布,9,5,肯定形,,,5,23,血液脳関門の実体である細胞はどれか。1つ選べ。,神経細胞,周皮細胞（ペリサイト）,星状膠細胞（アストロサイト）,脈絡叢上皮細胞,脳毛細血管内皮細胞,5,,105-42 105-51 107-43 107-50 107-54 109-43 109-48 110-43
108,44,薬剤,代謝,14,10,肯定形,,○,5,35,カルボキシルエステラーゼにより加水分解を受ける薬物はどれか。1つ選べ。,テモカプリル,テガフール H S S H3C O H O O H N O N H H O N CO2H NH 及び鏡像異性体 F O,イミプラミン,インドメタシン N CH3 N CH3 H3C O Cl O N CH3 CO2H,モルヒネ CH3 NH H HO O H H OH,1,,102-43 103-44 103-45 104-44 104-55 105-43 105-44 106-44 107-44 108-47 109-44 110-44 111-44
108,45,薬剤,排泄,7,7,肯定形,,,5,31,イヌリンの主な腎排泄過程として最も適切なのはどれか。1つ選べ。,糸球体ろ過,近位尿細管における分泌,近位尿細管における再吸収,遠位尿細管における分泌,遠位尿細管における再吸収,1,,102-41 104-45 106-45 107-46 109-45 110-45
108,46,薬剤,薬物動態パラメータ・計算,26,10,肯定形,,,5,54,線形1︲コンパートメントモデルに従う薬物を静脈内投与したとき、投与量に比例するパラメータはどれか。1つ選べ。,分布容積,消失半減期,消失速度定数,全身クリアランス,血中濃度時間曲線下面積,5,,102-44 102-45 102-46 102-47 102-48 103-43 103-46 103-47 104-41 104-46 104-47 105-45 105-46 105-47 106-43 106-46 106-47 107-45 109-46 110-46 110-47 110-48 111-43 111-45 111-46
108,47,薬剤,代謝,14,10,肯定形,,,5,17,肝代謝型の薬物はどれか。1つ選べ。,セファクロル,ゲンタマイシン,メトトレキサート,プロプラノロール,レボフロキサシン,4,,102-43 103-44 103-45 104-44 104-55 105-43 105-44 106-44 107-44 108-44 109-44 110-44 111-44
108,48,薬剤,相互作用・TDM,5,5,否定形,,,5,46,薬物血中濃度を指標とした治療薬物モニタリング（TDM）の対象とならないのはどれか。1つ選べ。,ジゴキシン,メトホルミン,バルプロ酸,リチウム,バンコマイシン,2,,104-48 107-47 109-47 111-47
108,49,薬剤,製剤材料の物性,35,10,肯定形,,,5,34,粉体の流動性を改善するために、大きくすべき物性値はどれか。1つ選べ。,かさ比容積,安息角,かさ密度,内部摩擦係数,空隙率,3,,102-50 102-51 102-52 102-53 103-48 103-49 103-51 103-54 104-50 104-51 104-53 104-54 105-48 105-50 106-49 106-50 106-52 107-48 107-49 108-50 108-52 108-53 109-49 109-50 109-52 109-53 110-49 110-50 110-51 110-52 111-48 111-49 111-50 111-51
108,50,薬剤,製剤材料の物性,35,10,肯定形,,,5,22,ダイラタント流動を示すのはどれか。1つ選べ。,カルメロースナトリウム溶液,チンク油,グリセリン,デンプン濃厚水性懸濁液,ヒマシ油,4,,102-50 102-51 102-52 102-53 103-48 103-49 103-51 103-54 104-50 104-51 104-53 104-54 105-48 105-50 106-49 106-50 106-52 107-48 107-49 108-49 108-52 108-53 109-49 109-50 109-52 109-53 110-49 110-50 110-51 110-52 111-48 111-49 111-50 111-51
108,51,薬剤,未分類,6,5,肯定形,,,5,46,口腔内で徐々に溶解又は崩壊させ、口腔、咽頭などの局所に適用する口腔用錠剤はどれか。1つ選べ。,舌下錠,付着錠,バッカル錠,トローチ剤,ガム剤,4,,104-43 105-49 105-55 106-51 110-41
108,52,薬剤,製剤材料の物性,35,10,肯定形,,,5,29,吸入粉末剤に関する記述として、正しいのはどれか。1つ選べ。,定量噴霧式である。,固体粒子のエアゾールとして吸入する。,噴射剤が充填されている。,容器は、通例、密封容器とする。,ネブライザーが適用される。,2,,102-50 102-51 102-52 102-53 103-48 103-49 103-51 103-54 104-50 104-51 104-53 104-54 105-48 105-50 106-49 106-50 106-52 107-48 107-49 108-49 108-50 108-53 109-49 109-50 109-52 109-53 110-49 110-50 110-51 110-52 111-48 111-49 111-50 111-51
108,53,薬剤,製剤材料の物性,35,10,肯定形,,,5,21,o/w 型の乳剤性基剤はどれか。1つ選べ。,白色軟膏,親水ワセリン,親水クリーム,単軟膏,マクロゴール軟膏,3,,102-50 102-51 102-52 102-53 103-48 103-49 103-51 103-54 104-50 104-51 104-53 104-54 105-48 105-50 106-49 106-50 106-52 107-48 107-49 108-49 108-50 108-52 109-49 109-50 109-52 109-53 110-49 110-50 110-51 110-52 111-48 111-49 111-50 111-51
108,54,薬剤,吸収・膜透過,28,10,肯定形,,,5,28,受動的ターゲティングを目的とする製剤はどれか。1つ選べ。,乳酸・グリコール酸共重合体微粒子製剤,浸透圧ポンプ型製剤,ポリエチレングリコール修飾リポソーム製剤,抗体薬物複合体製剤,リザーバー型経皮吸収型製剤,3,,102-42 102-54 103-41 103-42 103-55 104-42 105-41 105-52 105-54 106-41 106-42 106-48 107-41 107-42 107-51 107-55 108-41 108-42 108-55 109-41 109-42 109-51 110-42 110-54 111-41 111-42 111-52
108,55,薬剤,吸収・膜透過,28,10,肯定形,,,5,51,皮膚表面に微細な針で小孔を形成することにより、高分子薬物の経皮吸収性を改善する手法はどれか。1つ選べ。,マイクロニードル,イオントフォレシス,エレクトロポレーション,ソノフォレシス,ジェットインジェクション,1,,102-42 102-54 103-41 103-42 103-55 104-42 105-41 105-52 105-54 106-41 106-42 106-48 107-41 107-42 107-51 107-55 108-41 108-42 108-54 109-41 109-42 109-51 110-42 110-54 111-41 111-42 111-52
108,56,病態・薬物治療,がん,13,9,肯定形,,,5,24,眼窩部の激痛を特徴とする頭痛はどれか。1つ選べ。,筋緊張性頭痛,片頭痛,群発頭痛,くも膜下出血による頭痛,脳腫瘍による頭痛,3,,102-56 102-63 102-66 103-56 104-59 104-65 105-57 105-59 106-67 107-67 110-68 111-67
108,57,病態・薬物治療,免疫・膠原病・血液疾患,8,8,肯定形,,,5,26,プロトロンビン時間が延長する疾患はどれか。1つ選べ。,鉄欠乏性貧血,抗リン脂質抗体症候群,播種性血管内凝固症候群（DIC）,血友病 A,腎性貧血,3,,102-58 103-64 105-65 106-61 107-56 109-60 111-66
108,58,病態・薬物治療,副作用・薬剤性疾患,18,9,肯定形,,,5,44,重大な副作用として血栓性血小板減少性紫斑病を起こす可能性が最も高いのはどれか。1つ選べ。,イコサペント酸エチル,クロピドグレル硫酸塩,サルポグレラート塩酸塩,ダビガトランエテキシラートメタンスルホン酸塩,ワルファリンカリウム,2,,103-68 103-70 104-58 105-58 106-56 106-68 107-57 108-60 108-65 108-66 108-69 109-59 109-61 110-57 110-58 111-57 111-65
108,59,病態・薬物治療,循環器疾患,14,6,肯定形,,,5,29,パーキンソン病で認められる特徴的な症状はどれか。1つ選べ。,眼瞼下垂,口渇,動作時振戦,高血圧,無動,5,,102-57 102-60 102-69 104-60 105-56 105-63 108-61 108-63 108-68 110-56 110-59 111-58 111-68
108,60,病態・薬物治療,副作用・薬剤性疾患,18,9,肯定形,,,5,43,遺伝子多型により、フェニトインの体内動態に最も影響を及ぼす代謝酵素はどれか。1つ選べ。,CYP2C9,NAT2,CYP2D6,UGT1A1,CYP2C19,1,,103-68 103-70 104-58 105-58 106-56 106-68 107-57 108-58 108-65 108-66 108-69 109-59 109-61 110-57 110-58 111-57 111-65
108,61,病態・薬物治療,循環器疾患,14,6,肯定形,,,5,35,特徴的な症状の1つとして、間欠性跛行がみられる疾患はどれか。1つ選べ。,閉塞性動脈硬化症,筋ジストロフィー,変形性膝関節症,痛風,関節リウマチ,1,,102-57 102-60 102-69 104-60 105-56 105-63 108-59 108-63 108-68 110-56 110-59 111-58 111-68
108,62,病態・薬物治療,消化器・肝疾患,3,3,肯定形,,,5,24,急性膵炎で通常認められる所見はどれか。1つ選べ。,血中ヘモグロビン量の減少,血中リパーゼ活性の低下,白血球数の減少,心窩部痛,右腕への放散痛,4,,104-57 106-63
108,63,病態・薬物治療,循環器疾患,14,6,肯定形,,,5,27,アジソン病で特徴的に認められる所見はどれか。1つ選べ。,高血圧,高血糖,体重増加,色素沈着,活動性亢進,4,,102-57 102-60 102-69 104-60 105-56 105-63 108-59 108-61 108-68 110-56 110-59 111-58 111-68
108,64,病態・薬物治療,呼吸器・アレルギー疾患,12,7,肯定形,,,5,26,慢性副鼻腔炎の治療に用いられるのはどれか。1つ選べ。,イソプロピルウノプロストン,ムピロシンカルシウム水和物,メトキサレン,ナフトピジル,クラリスロマイシン,5,,102-62 103-61 103-62 104-64 104-69 105-61 105-64 105-70 107-66 110-61 110-67
108,65,病態・薬物治療,副作用・薬剤性疾患,18,9,肯定形,,,5,30,テープ剤が光線過敏症の原因となりやすいのはどれか。1つ選べ。,ビソプロロールフマル酸塩,ケトプロフェン,オキシブチニン塩酸塩,硝酸イソソルビド,ツロブテロール,2,,103-68 103-70 104-58 105-58 106-56 106-68 107-57 108-58 108-60 108-66 108-69 109-59 109-61 110-57 110-58 111-57 111-65
108,66,病態・薬物治療,副作用・薬剤性疾患,18,9,肯定形,,○,5,208,以下は骨肉腫に対するメトトレキサート・ホリナート救援療法の初日の処方例である。副作用回避の目的で用いる薬剤Ａ として最も適切なのはどれか。1つ選べ。処方1）9：00静注グラニセトロン注0 . 04 mg/kg 処方2）9：30～9：45点滴静注 Ａ 処方3）10：00～16：00点滴静注メトトレキサート注12 g/m2生理食塩液10 mL 7％炭酸水素ナトリウム注80 mL 生理食塩液500 mL ―以下、省略―,アセタゾラミドナトリウム注,ピペラシリンナトリウム注,フィルグラスチム（遺伝子組換え）注,フロセミド注,メスナ注,1,,103-68 103-70 104-58 105-58 106-56 106-68 107-57 108-58 108-60 108-65 108-69 109-59 109-61 110-57 110-58 111-57 111-65
108,67,病態・薬物治療,感染症,12,8,肯定形,,,5,29,マイコプラズマ肺炎の治療に用いられるのはどれか。1つ選べ。,アシクロビル錠,イベルメクチン錠,テビペネムピボキシル細粒,アジスロマイシン錠,リネゾリド錠,4,,102-64 102-65 104-63 104-66 105-67 106-65 106-66 109-67 110-65 110-70 111-61
108,68,病態・薬物治療,循環器疾患,14,6,肯定形,,,5,36,脳梗塞後遺症で、興奮症状を伴う場合に用いられる漢方薬はどれか。1つ選べ。,葛根湯,大建中湯,抑肝散,五苓散,猪苓湯,3,,102-57 102-60 102-69 104-60 105-56 105-63 108-59 108-61 108-63 110-56 110-59 111-58 111-68
108,69,病態・薬物治療,副作用・薬剤性疾患,18,9,肯定形,,,5,40,医療用医薬品の「使用上の注意」改訂を取りまとめた医薬品情報源はどれか。1つ選べ。,医薬品リスク管理計画（RMP）,重篤副作用疾患別対応マニュアル,緊急安全性情報,医薬品安全対策情報（DSU）,医療用医薬品製品情報概要,4,,103-68 103-70 104-58 105-58 106-56 106-68 107-57 108-58 108-60 108-65 108-66 109-59 109-61 110-57 110-58 111-57 111-65
108,70,病態・薬物治療,臨床統計・研究デザイン,8,7,肯定形,,,5,53,全身状態の指標であるパフォーマンスステータス（PS）の値を統計処理する際の、データ尺度はどれか。1つ選べ。,分類尺度,間隔尺度,名義尺度,順序尺度,比例尺度,4,,102-68 103-67 105-68 105-69 106-70 109-69 111-69
108,71,法規・制度・倫理,薬剤師法,13,8,肯定形,,,5,115,薬剤師の任務は薬剤師法第1条に規定されている。この条文のに当てはまるのはどれか。1つ選べ。「薬剤師は、調剤、医薬品の供給その他薬事衛生をつかさどることによって、の向上及び増進に寄与し、もって国民の健康な生活を確保するものとする。」,医療の質,地域連携,公衆衛生,健康サポート,薬剤師の経済的利益,3,,102-72 102-73 102-75 104-74 105-79 106-72 106-73 107-71 107-72 107-78 109-73 110-71
108,72,法規・制度・倫理,薬学史・薬害,6,5,肯定形,,,5,30,長井長義によって世界で初めて単離されたのはどれか。1つ選べ。,モルヒネ,エフェドリン,アトロピン,サリチル酸,コカイン,2,,102-77 103-75 107-74 108-75 111-73
108,73,法規・制度・倫理,医療保険・介護保険,14,8,肯定形,,,5,82,以下のように法律で規定されているのはどれか。1つ選べ。「厚生労働大臣の免許を受けて、傷病者若しくはじょく婦に対する療養上の世話又は診療の補助を行うことを業とする者」,保健師,助産師,看護師,介護福祉士,介護支援専門員,3,,102-76 102-78 104-71 105-73 106-78 106-79 108-77 108-78 109-79 110-77 111-72 111-78 111-79
108,74,法規・制度・倫理,法体系・憲法,5,5,肯定形,,○,5,40,製造販売業者が対応すべき医薬品等の品質管理の基準を定めた省令はどれか。1つ選べ。,GCP,GLP,GMP,GQP,GVP,4,,102-71 103-71 106-74 107-73
108,75,法規・制度・倫理,薬学史・薬害,6,5,肯定形,,,5,53,フルオロウラシルとの相互作用により市販直後に多数の死亡例が発生した薬害・事件に関わるのはどれか。1つ選べ。,ソリブジン,サリドマイド,クロロキン,キノホルム,ゲフィチニブ,1,,102-77 103-75 107-74 108-72 111-73
108,76,法規・制度・倫理,薬機法・医薬品の分類,18,9,肯定形,,,5,144,レギュラトリーサイエンスに関する記述について、に入る適切な語句はどれか。1つ選べ。「科学技術の成果を人と社会に役立てることを目的に、根拠に基づく的確な予測、評価、判断を行い、科学技術の成果を人と社会との調和の上で最も望ましい姿にするための科学」（第4次科学技術基本計画で示された定義より）,置換,調整,修飾,管理,制限,2,,103-73 103-74 103-80 104-76 104-78 105-75 105-78 105-80 106-80 107-77 109-74 109-75 110-72 110-73 110-75 111-71 111-75
108,77,法規・制度・倫理,医療保険・介護保険,14,8,肯定形,,,5,35,診療報酬の改定の内容に関する、厚生労働大臣の諮問先はどれか。1つ選べ。,医道審議会,薬事・食品衛生審議会,国民健康保険連合会,中央社会保険医療協議会,社会保険診療報酬支払基金,4,,102-76 102-78 104-71 105-73 106-78 106-79 108-73 108-78 109-79 110-77 111-72 111-78 111-79
108,78,法規・制度・倫理,医療保険・介護保険,14,8,肯定形,,,5,68,薬物療法の経済評価手法である費用効用分析ではアウトカム指標として QALY を用いる。QALY に加味されている要素はどれか。1つ選べ。,患者の医療費,介護に要する費用,生活の質,処方薬剤数,平均寿命,3,,102-76 102-78 104-71 105-73 106-78 106-79 108-73 108-77 109-79 110-77 111-72 111-78 111-79
108,79,法規・制度・倫理,倫理・臨床研究,9,8,否定形,,,5,47,医療に携わる者の意思決定において重要とされる生命倫理の4原則に含まれないのはどれか。1つ選べ。,自立尊重,無危害,善行,医学の進歩,正義,4,,102-79 103-77 103-78 104-79 106-71 107-79 109-72 110-78
108,80,法規・制度・倫理,コミュニケーション・患者中心の医療,7,6,肯定形,,,5,47,他者の価値観に配慮しつつ、自分の欲求、考え、気持ちを適切に表現することを何というか。1つ選べ。,ラポール,パターナリズム,アサーション,ミラーリング,コーチング,3,,102-80 104-80 109-71 109-80 110-80 111-80
108,81,実務,チーム医療・病棟業務,5,5,肯定形,,,5,34,多職種連携でのチーム医療を妨げる要因となり得るのはどれか。1つ選べ。,各職種と情報を共有する。,連携・協働のための高いコミュニケーション能力をつける。,各職種の専門性に基づく技術を確立する。,各職種の役割を理解する。,各職種独自の略語を使用する。,5,,105-89 106-81 107-82 109-89
108,82,実務,注射・無菌調製・配合変化,11,6,肯定形,,,5,70,成人に対する栄養輸液療法における静注用脂肪乳剤（20％イントラリポス輸液250 mL 袋）の投与方法として、最も適切なのはどれか。1つ選べ。,遮光して投与する。,他の栄養輸液製剤に混合して投与する。,フィルターを使用して投与する。,シリンジポンプを使用して投与する。,ゆっくり（3時間以上かけて）投与する。,5,,103-81 103-85 103-90 104-83 107-84 107-85 108-85 109-82 111-81 111-83
108,83,実務,調剤・処方箋,9,7,肯定形,,,5,32,薬剤師法に基づき薬袋への記載が必須である事項はどれか。1つ選べ。,調剤した薬剤師氏名,処方した医師氏名,使用上の注意,処方箋発行日,医薬品名,1,,102-83 102-87 104-88 105-87 106-90 109-84 109-90 110-86
108,84,実務,副作用モニタリング・禁忌,8,6,肯定形,,,5,29,プロトンポンプ阻害薬と併用禁忌の医薬品はどれか。1つ選べ。,セベラマー塩酸塩錠,エンパグリフロジン錠,アタザナビル硫酸塩カプセル,沈降炭酸カルシウム錠,レパグリニド錠,3,,103-82 104-90 106-85 106-86 110-87 110-90 111-84
108,85,実務,注射・無菌調製・配合変化,11,6,否定形,,,5,40,放射性医薬品の調製と保管における注意事項として、誤っているのはどれか。1つ選べ。,調製作業はクリーンベンチ内で行う。,飛散防止のためバイアル内を陰圧に保つ。,汚染に備え手袋等の防護具を着用する。,調製作業は放射線管理区域内で行う。,放射線を安全に遮へいできる貯蔵箱に保管する。,1,,103-81 103-85 103-90 104-83 107-84 107-85 108-82 109-82 111-81 111-83
108,86,実務,消毒・感染対策,9,8,肯定形,,,5,26,主な感染経路が飛沫感染である疾患はどれか。1つ選べ。,角化型疥癬,クロストリディオイデス・ディフィシル（クロストリジウム・ディフィシル）感染症,流行性角結膜炎,マイコプラズマ肺炎,腸管出血性大腸菌感染症,4,,102-86 103-88 104-84 105-85 107-86 108-88 109-88 111-87
108,87,実務,在宅・地域・セルフメディケーション,10,7,肯定形,,,5,52,一般用医薬品に配合される成分のうち、透析療法を受けている人が使用を避ける必要があるのはどれか。1つ選べ。,ヒマシ油,アミノ安息香酸エチル,アルジオキサ,オキセサゼイン,テプレノン,3,,102-89 103-87 105-90 107-89 109-83 109-86 110-81 110-84 110-85
108,88,実務,消毒・感染対策,9,8,肯定形,,,5,44,ノロウイルスに汚染されたリネン類に使用する消毒薬として、最も適切なのはどれか。1つ選べ。,グルタラール,次亜塩素酸ナトリウム,ポビドンヨード,エタノール,ベンザルコニウム塩化物,2,,102-86 103-88 104-84 105-85 107-86 108-86 109-88 111-87
108,89,実務,服薬指導・製剤の取扱い,12,9,肯定形,,,5,40,一般消費者に対する要指導医薬品の日常の販売について、正しいのはどれか。1つ選べ。,インターネットで販売できる。,配置による方法で販売できる。,使用する者の年齢を確認しなければならない。,使用する者が同居家族の場合も販売できる。,情報提供は薬剤師又は登録販売者が行う。,3,,102-85 103-89 105-88 106-82 106-88 107-87 107-88 109-81 109-85 110-83 111-88
108,90,実務,薬物療法の実践,1,1,肯定形,,,5,53,膀胱炎に対して、レボフロキサシン水和物の用法及び用量を検討する上で、最も必要な患者情報はどれか。1つ選べ。,クレアチニンクリアランス,クレアチンキナーゼ値,CRP 値,白血球数,尿酸値,1,,
109,1,物理,電気化学・分子間相互作用,7,5,肯定形,,,5,25,永久双極子モーメントをもつ分子はどれか。1つ選べ。,ベンゼン,メタン,二酸化炭素,水,四塩化炭素,4,,102-2 104-4 106-4 106-5 109-2 110-1
109,2,物理,電気化学・分子間相互作用,7,5,肯定形,,,5,55,SDS ポリアクリルアミドゲル電気泳動を行った後、タンパク質の染色に用いる最も適切な化合物はどれか。1つ選べ。,ニンヒドリン,臭化エチジウム,o︲フタルアルデヒド,フルオレセインイソチオシアネート,クーマシーブリリアントブルー（クマシーブリリアントブルー）,5,,102-2 104-4 106-4 106-5 109-1 110-1
109,3,物理,放射化学,4,3,肯定形,,,5,37,質量数は変わらず原子番号が1増加した娘核種が生成するのはどれか。1つ選べ。,a 壊変,b- 壊変,b+ 壊変,軌道電子捕獲,核異性体転移,2,,102-3 104-1 104-5
109,4,物理,機器分析,2,2,肯定形,,○,,87,粉末 X 線回折パターンの横軸に表されるパラメータはどれか。1つ選べ。ただし、i は入射 X 線と格子面群との間の角度である。1 2i 2 i i 2 4 i 5 sin i,,,,,,1,,111-4
109,5,物理,酸塩基平衡・緩衝液,2,2,肯定形,○,,,119,25 ℃における0 . 01 mol/L 安息香酸水溶液の pH に最も近い値はどれか。1つ選べ。ただし、安息香酸の pKa = 4 . 2（25 ℃）とする。1 1 . 5 2 3 . 0 3 4 . 5 4 6 . 0 5 7 . 5,,,,,,2,,107-1
109,6,化学,命名法・構造決定,4,3,肯定形,,,,83,同圧下で沸点が最も高いのはどれか。1つ選べ。 CH3CH2CH2CH3 CH3CH2CH2CH2CH3（CH3）2CHCH3（CH3）2CHCH2CH3（CH3）4C,,,,,,2,,105-7 107-6 107-7
109,7,化学,無機・電子論,6,6,否定形,,,5,19,活性酸素種でないのはどれか。1つ選べ。,1O2,3O2,•O2,•OH,H2O2,2,,103-9 104-6 107-9 108-10 110-7
109,8,化学,未分類,6,6,肯定形,,○,,131,転位反応はどれか。1つ選べ。ただし、すべての反応は終了後、適切な後処理を施していることとする。また、生成物は主生成物のみを示している。 O OH C6H5MgBr OH H2SO4 O NH2OH N OH N OH H2SO4 H N O O NaBH4 OH,,,,,,4,,102-6 104-10 106-6 108-7 110-9
109,9,化学,有機反応,6,5,肯定形,,○,5,133,図は、エチレンへの塩化水素の付加反応における反応の進行度とポテンシャルエネルギーの関係を表している。塩化物イオンが求核攻撃する段階の活性化エネルギーはどれか。1つ選べ。ーギルネエ H2C=CH2＋ HCl E 1 E 2 E 3 E 4反応の進行度 CH3CH2Cl,E 1,E 1 - E 2,E 3,E 2 + E 3,E 4,3,,102-8 105-6 106-7 106-9 111-7
109,10,化学,生薬・天然物,6,6,肯定形,,,5,38,以下の生薬のうち、排尿障害を悪化させる可能性が最も高いのはどれか。1つ選べ。,ゲンノショウコ,センブリ,ケツメイシ,ロートコン,オウバク,4,,105-10 106-10 107-10 108-8 111-10
109,11,生物,人体の構造と機能,13,8,肯定形,,,5,28,第8脳神経によって主に伝えられる感覚はどれか。1つ選べ。,嗅覚,視覚,聴覚,味覚,触覚,3,,102-11 103-11 104-11 104-12 105-11 105-14 108-11 108-12 109-12 109-14 110-11 111-11
109,12,生物,人体の構造と機能,13,8,肯定形,,,5,53,真核細胞の核内の DNA とは別に、独立した DNA を遺伝情報として有する細胞小器官はどれか。1つ選べ。,ペルオキシソーム,ミトコンドリア,リソソーム,ゴルジ体,小胞体,2,,102-11 103-11 104-11 104-12 105-11 105-14 108-11 108-12 109-11 109-14 110-11 111-11
109,13,生物,ホルモン・情報伝達,4,4,肯定形,,,5,31,核内受容体のリガンドの前駆体となるビタミンはどれか。1つ選べ。,ナイアシン,ピリドキシン,パントテン酸,レチノール,ビオチン,4,,105-13 106-12 107-11
109,14,生物,人体の構造と機能,13,8,肯定形,,,5,75,血漿リポタンパク質のうち、その組成に占めるコレステロールの割合が最も高く、肝臓から全身の組織へのコレステロール輸送を主として担うのはどれか。1つ選べ。,キロミクロン,超低密度リポタンパク質（VLDL）,中間密度リポタンパク質（IDL）,低密度リポタンパク質（LDL）,高密度リポタンパク質（HDL）,4,,102-11 103-11 104-11 104-12 105-11 105-14 108-11 108-12 109-11 109-12 110-11 111-11
109,15,生物,免疫,8,7,肯定形,,,5,58,主要組織適合遺伝子複合体（MHC）のクラスⅠ分子とクラスⅡ分子の両方で抗原提示できる免疫担当細胞はどれか。1つ選べ。,樹状細胞,キラー T 細胞,好中球,巨核球,制御性 T 細胞,1,,102-15 103-14 104-15 105-15 108-13 108-15 111-13
109,16,衛生,疫学・EBM,4,3,肯定形,,,5,63,対象集団について、ある一時点における疾病の有無と要因の保有状況を調査し、その関連を明らかにする疫学研究手法はどれか。1つ選べ。,症例対照研究,縦断的研究,介入研究,コホート研究,横断的研究,5,,106-17 106-19 111-17
109,17,衛生,感染症・予防接種,10,9,肯定形,,,5,33,予防接種が勧奨されている子宮頸がんのリスク要因はどれか。1つ選べ。,ヒト単純ヘルペスウイルス,梅毒トレポネーマ,クラミジア・トラコマチス,ヒトパピローマウイルス,淋菌,4,,102-19 103-19 104-18 105-19 105-20 106-18 108-16 110-17 111-16
109,18,衛生,環境衛生,22,10,肯定形,,,5,53,事業者が、常時従事する労働者に対して特殊健康診断を受診させることが義務付けられているのはどれか。1つ選べ。,石綿（アスベスト）の粉じんを発散する場所における業務,重量物を取り扱う業務,著しく暑熱な場所における業務,電子計算機への入力を反復して行う業務,著しい騒音を発する場所における業務,1,,102-24 102-25 103-24 103-25 104-21 104-24 104-25 105-25 106-23 106-24 106-25 107-25 108-17 108-23 108-24 108-25 109-25 110-23 110-24 110-25 111-24
109,19,衛生,栄養・食事摂取基準,10,7,肯定形,,○,5,105,下図は、食事摂取基準における摂取量とリスクの概念図である。図中のＡ で示されるのはどれか。1つ選べ。1 . 0 0 . 5クスリの足不0 . 025 0 Ａ 習慣的な摂取量クスリるじ生が害障康健てっよに取摂剰過,耐用上限量,推奨量,目安量,推定平均必要量,目標量,2,,103-16 103-23 105-23 106-20 107-16 107-19 108-21 111-18 111-19
109,20,衛生,食中毒・食品衛生,19,9,肯定形,,,5,46,ホルムアルデヒドや有機酸の殺菌・静菌作用によって食品の保存性を高める方法はどれか。1つ選べ。,乾燥,塩蔵,くん煙,冷蔵,糖漬,3,,102-16 102-17 102-18 103-17 103-18 104-16 104-17 105-16 105-18 107-17 107-18 107-20 108-18 108-19 108-20 110-19 110-20 111-21
109,21,衛生,未分類,3,3,肯定形,,○,,108,シモン反応によって確認できる薬物はどれか。1つ選べ。 H N CH3 CH3 O CH3 H3C HN O H O O NH2 CH3 HO O HO N CH3 H CH3 OH H H H3C O CH3 CH3,,,,,,1,,102-22 111-20
109,22,衛生,化学物質の毒性・解毒,20,10,肯定形,,,5,33,遺伝毒性発がん物質のリスク評価に用いられる指標はどれか。1つ選べ。,許容一日摂取量,耐容一日摂取量,実質安全量,急性参照用量,無毒性量,3,,102-21 103-21 103-22 104-22 104-23 105-17 105-22 105-24 106-21 106-22 107-22 107-23 107-24 108-22 110-18 110-21 111-22 111-23 111-25
109,23,衛生,放射線・物理的環境要因,4,3,肯定形,,,5,37,以下の生体組織のうち、放射線に対する感受性が最も高いのはどれか。1つ選べ。,神経組織,造血組織,皮膚組織,筋肉組織,脂肪組織,2,,102-23 109-24 110-22
109,24,衛生,放射線・物理的環境要因,4,3,肯定形,,,5,40,地上部での光化学オキシダントの生成に関与する主な非電離放射線はどれか。1つ選べ。,遠赤外線,近赤外線,可視光線,UV︲A,UV︲C,4,,102-23 109-23 110-22
109,25,衛生,環境衛生,22,10,肯定形,,○,5,306,"下図は、環境基本法で規定されている7種類の公害（典型七公害）の種類別公害苦情件数の推移を示したものである。アに該当するのはどれか。1つ選べ。30 ,000 25 ,000）20 ,000件（数件情苦15 ,000 10 ,000 5 ,000 0ア土壌汚染地盤沈下53 54 55 56 57 58 59 60 61 62 63元2 3 4 5 6 7 8 9 10 11 12 13 14 15 16 17 18 19 20 21 22 23 24 25 26 27 28 29 30元2 3昭和平成令和（年度）図典型七公害の種類別公害苦情件数令和三年度公害苦情調査結果報告書（総務省、公害等調査委員会事務局）",悪臭,振動,水質汚濁,騒音,大気汚染,4,,102-24 102-25 103-24 103-25 104-21 104-24 104-25 105-25 106-23 106-24 106-25 107-25 108-17 108-23 108-24 108-25 109-18 110-23 110-24 110-25 111-24
109,26,薬理,自律神経作用薬,38,10,肯定形,,,5,43,禁煙補助薬として用いられるニコチン性アセチルコリン受容体部分刺激薬はどれか。1つ選べ。,シアナミド,ナロキソン,ニコチン,バレニクリン,フルマゼニル,4,,102-27 102-29 103-26 103-28 103-29 103-30 104-27 104-28 104-33 104-40 105-28 105-29 105-37 106-27 106-28 106-35 106-40 107-26 107-27 107-28 107-29 108-27 108-28 108-34 108-36 108-40 109-27 109-34 109-35 110-26 110-27 110-28 110-29 110-31 111-26 111-33 111-35
109,27,薬理,自律神経作用薬,38,10,肯定形,,,5,29,自律神経節遮断薬の効果として、正しいのはどれか。1つ選べ。,心拍数低下,散瞳,消化管運動促進,排尿促進,発汗促進,2,,102-27 102-29 103-26 103-28 103-29 103-30 104-27 104-28 104-33 104-40 105-28 105-29 105-37 106-27 106-28 106-35 106-40 107-26 107-27 107-28 107-29 108-27 108-28 108-34 108-36 108-40 109-26 109-34 109-35 110-26 110-27 110-28 110-29 110-31 111-26 111-33 111-35
109,28,薬理,中枢神経作用薬,25,9,肯定形,,,5,34,リスペリドンが高プロラクチン血症を引き起こす機序はどれか。1つ選べ。,線条体でのドパミン D2受容体遮断,線条体でのセロトニン5︲HT2A 受容体遮断,前頭前野でのドパミン D2受容体遮断,下垂体でのセロトニン5︲HT2A 受容体遮断,下垂体でのドパミン D2受容体遮断,5,,102-30 103-27 103-31 103-32 103-33 103-36 104-30 104-32 104-34 105-27 105-30 105-31 105-32 106-29 106-30 106-36 107-30 110-32 110-36 111-27 111-28 111-29 111-30 111-31
109,29,薬理,炎症・アレルギー・免疫薬,5,4,肯定形,,,5,34,アバタセプトの関節リウマチ治療効果発現の標的分子はどれか。1つ選べ。,CD28,細胞傷害性 T リンパ球抗原︲4（CTLA︲4）,CD80/CD86,IL︲6受容体,TNF︲a,3,,102-38 104-38 108-29 108-30
109,30,薬理,未分類,9,6,肯定形,,,5,43,オステオカルシンのグルタミン酸残基の c︲カルボキシ化を促進するのはどれか。1つ選べ。,メナテトレノン,エルカトニン,カルシトリオール,テリパラチド,イプリフラボン,1,,102-34 104-35 105-33 107-34 107-40 108-26 109-32 109-38
109,31,薬理,循環器作用薬,15,9,肯定形,,,5,50,血管平滑筋細胞において、可溶性グアニル酸シクラーゼを刺激して血管拡張作用を示すのはどれか。1つ選べ。,アルプロスタジル,シルデナフィル,ベラプロスト,リオシグアト,マシテンタン,4,,102-28 102-31 102-32 103-34 103-35 104-31 106-33 107-33 107-35 108-31 108-32 109-33 110-34 111-32
109,32,薬理,未分類,9,6,肯定形,,,5,42,プラスミンのフィブリンへの結合を阻害することで、止血作用を示すのはどれか。1つ選べ。,フィトナジオン,プロタミン,トラネキサム酸,ヘモコアグラーゼ,カルバゾクロムスルホン酸,3,,102-34 104-35 105-33 107-34 107-40 108-26 109-30 109-38
109,33,薬理,循環器作用薬,15,9,肯定形,,,5,23,メフルシドの利尿作用の機序はどれか。1つ選べ。,心房性ナトリウム利尿ペプチド（ANP）受容体刺激,バソプレシン V2受容体遮断,上皮性 Na+ チャネル遮断,Na+︲Cl- 共輸送体阻害,Na+︲K+︲2Cl- 共輸送体阻害,4,,102-28 102-31 102-32 103-34 103-35 104-31 106-33 107-33 107-35 108-31 108-32 109-31 110-34 111-32
109,34,薬理,自律神経作用薬,38,10,肯定形,,,5,31,ウメクリジニウムの気管支収縮抑制作用の機序はどれか。1つ選べ。,ホスホジエステラーゼ阻害,アデノシン A1受容体遮断,アドレナリン b2受容体刺激,アセチルコリン M3受容体遮断,エラスターゼ阻害,4,,102-27 102-29 103-26 103-28 103-29 103-30 104-27 104-28 104-33 104-40 105-28 105-29 105-37 106-27 106-28 106-35 106-40 107-26 107-27 107-28 107-29 108-27 108-28 108-34 108-36 108-40 109-26 109-27 109-35 110-26 110-27 110-28 110-29 110-31 111-26 111-33 111-35
109,35,薬理,自律神経作用薬,38,10,肯定形,,,5,29,トリメブチンの消化管運動調節作用の機序はどれか。1つ選べ。,ドパミン D2受容体遮断,コリンエステラーゼ阻害,アセチルコリン M3受容体刺激,セロトニン5︲HT4受容体刺激,オピオイド n 受容体刺激,5,,102-27 102-29 103-26 103-28 103-29 103-30 104-27 104-28 104-33 104-40 105-28 105-29 105-37 106-27 106-28 106-35 106-40 107-26 107-27 107-28 107-29 108-27 108-28 108-34 108-36 108-40 109-26 109-27 109-34 110-26 110-27 110-28 110-29 110-31 111-26 111-33 111-35
109,36,薬理,内分泌・代謝薬,24,9,肯定形,,,5,48,ミクロソームトリグリセリド転送タンパク質（MTP）を阻害する脂質異常症治療薬はどれか。1つ選べ。,エゼチミブ,エボロクマブ,ロミタピド,アトルバスタチン,ペマフィブラート,3,,102-33 102-35 102-36 103-37 103-38 103-39 105-36 105-38 106-31 106-32 106-34 106-37 107-32 107-38 107-39 108-37 108-38 108-39 109-37 110-37 111-37 111-38 111-40
109,37,薬理,内分泌・代謝薬,24,9,肯定形,,,5,49,ソマトスタチン受容体を刺激して、消化管ホルモン産生腫瘍に伴う諸症状を改善するのはどれか。1つ選べ。,オクトレオチド,ソマトレリン,ソマトロピン,プロチレリン,ペグビソマント,1,,102-33 102-35 102-36 103-37 103-38 103-39 105-36 105-38 106-31 106-32 106-34 106-37 107-32 107-38 107-39 108-37 108-38 108-39 109-36 110-37 111-37 111-38 111-40
109,38,薬理,未分類,9,6,肯定形,,,5,62,ホスホジエステラーゼ4（PDE4）を阻害することで、炎症性サイトカインの産生を抑制する尋常性乾癬の治療薬はどれか。1つ選べ。,マキサカルシトール,エトレチナート,アプレミラスト,セクキヌマブ,ブロダルマブ,3,,102-34 104-35 105-33 107-34 107-40 108-26 109-30 109-32
109,39,薬理,抗菌・抗ウイルス・抗真菌薬,5,5,肯定形,,○,,351,DNA ジャイレース及びトポイソメラーゼⅣを阻害することで、細菌の DNA 複製を抑制する抗菌薬はどれか。1つ選べ。 N O CO2H HN N F HO H O H H NH2 H HO H HO H2N O H O H H OH H HO H HO HO H H NH2 OH H NH2 H O H N H CO2H N S H H CH3 CH3 H2N H HO O OH O OH O OH O NH2 HO H CH3 H NH OH CH3 H3C CH3 H N H HO CH3 H O CH3 CH3 OH H CH3 O H CH3 O H H3C H HO H3C CH3 O O H N H CH3 CH3 H H H OH HO H H O CH3 O CH3 H CH3,,,,,,1,,102-39 104-39 110-39 111-39
109,40,薬理,抗がん薬・免疫,8,7,肯定形,,,5,41,抗悪性腫瘍薬のうち、チュブリンに結合し微小管の重合を阻害するのはどれか。1つ選べ。,シスプラチン,メトトレキサート,ビンクリスチン,フルオロウラシル,ブレオマイシン,3,,102-40 103-40 105-40 106-39 107-31 110-33 110-40
109,41,薬剤,吸収・膜透過,28,10,肯定形,,○,5,169,下図に示す Fick の法則に従う細胞膜透過において、薬物の透過速度と反比例するのはどれか。1つ選べ。細胞外細胞膜細胞内 C 1 C out 度濃の物薬 C out：細胞外溶液の薬物濃度 C 1：細胞外溶液と接する面の膜中薬物濃度 C 2 C 2：細胞内溶液と接する面の膜中薬物濃度 C in C in ：細胞内溶液の薬物濃度膜の厚さ L,膜の有効表面積,薬物の膜中の拡散係数,膜の厚さ（L）,薬物の膜への分配係数（C 1/C out）,細胞外及び細胞内溶液と接する面の膜中薬物濃度の差（C 1 - C 2）,3,,102-42 102-54 103-41 103-42 103-55 104-42 105-41 105-52 105-54 106-41 106-42 106-48 107-41 107-42 107-51 107-55 108-41 108-42 108-54 108-55 109-42 109-51 110-42 110-54 111-41 111-42 111-52
109,42,薬剤,吸収・膜透過,28,10,肯定形,,○,,94,小腸上皮細胞を模式的に示した下図中の1～6のうち、P︲糖タンパク質の局在と基質の輸送方向を正しく表しているのはどれか。1つ選べ。ただし、図中の矢印の向きは基質の輸送方向を示す。管腔側血管側,,,,,,1,,102-42 102-54 103-41 103-42 103-55 104-42 105-41 105-52 105-54 106-41 106-42 106-48 107-41 107-42 107-51 107-55 108-41 108-42 108-54 108-55 109-41 109-51 110-42 110-54 111-41 111-42 111-52
109,43,薬剤,分布,9,5,肯定形,,,5,189,血漿タンパク質と結合する薬物について、平衡透析法により薬物の血漿タンパク結合率を測定した。半透膜で隔てた透析セルの左側に血漿を、右側に薬物溶液をそれぞれ加え、平衡に達するまで37 ℃で振とうした。各透析セルの薬物濃度を ［Ａ］～［Ｃ］とするとき、血漿タンパク質に結合した薬物濃度を示す式はどれか。1つ選べ。透析開始前平衡後血漿薬物溶液振とう ［Ａ］ ［Ｂ］ ［Ｃ］ 半透膜半透膜,［Ｂ］+［Ｃ］,［Ａ］+［Ｂ］,［Ａ］-［Ｂ］,［Ａ］-［Ｃ］,［Ｂ］-［Ｃ］,5,,105-42 105-51 107-43 107-50 107-54 108-43 109-48 110-43
109,44,薬剤,代謝,14,10,肯定形,,,5,40,ヒト肝臓において、最も発現量が多いシトクロム P450分子種はどれか。1つ選べ。,CYP1A2,CYP2C19,CYP2D6,CYP2E1,CYP3A4,5,,102-43 103-44 103-45 104-44 104-55 105-43 105-44 106-44 107-44 108-44 108-47 110-44 111-44
109,45,薬剤,排泄,7,7,肯定形,,,5,29,胆汁中への排泄が主な消失経路である薬物はどれか。1つ選べ。,カナマイシン,プラバスタチン,リチウム,メトトレキサート,エナラプリル,2,,102-41 104-45 106-45 107-46 108-45 110-45
109,46,薬剤,薬物動態パラメータ・計算,26,10,肯定形,○,,5,152,体内動態が線形1︲コンパートメントモデルに従う薬物を1日1回経口投与し、定常状態における平均薬物血中濃度を0 . 2 mg/L としたい。この薬物の全身クリアランスを0 . 4 L/h/kg、バイオアベイラビリティを0 . 4とすると、1回あたりの投与量（mg/kg）として最も近い値はどれか。1つ選べ。,1,2,5,10,20,3,,102-44 102-45 102-46 102-47 102-48 103-43 103-46 103-47 104-41 104-46 104-47 105-45 105-46 105-47 106-43 106-46 106-47 107-45 108-46 110-46 110-47 110-48 111-43 111-45 111-46
109,47,薬剤,相互作用・TDM,5,5,肯定形,,,5,51,TDM における薬物血中濃度の測定において、全血試料を用いて分析する必要がある薬物はどれか。1つ選べ。,テイコプラニン,バルプロ酸ナトリウム,フェニトイン,シクロスポリン,ジゴキシン,4,,104-48 107-47 108-48 111-47
109,48,薬剤,分布,9,5,肯定形,,,5,40,経口固形製剤からの弱電解質薬物の溶出性に影響を及ぼさない因子はどれか。1つ選べ。,薬物の粒子径,薬物の結晶性,タンパク結合率,溶液の pH,溶液の粘度,3,,105-42 105-51 107-43 107-50 107-54 108-43 109-43 110-43
109,49,薬剤,製剤材料の物性,35,10,肯定形,,,5,24,液体の表面張力を測定する方法はどれか。1つ選べ。,溶解度法,沈降法,吸着法,滴重法,反応速度法,4,,102-50 102-51 102-52 102-53 103-48 103-49 103-51 103-54 104-50 104-51 104-53 104-54 105-48 105-50 106-49 106-50 106-52 107-48 107-49 108-49 108-50 108-52 108-53 109-50 109-52 109-53 110-49 110-50 110-51 110-52 111-48 111-49 111-50 111-51
109,50,薬剤,製剤材料の物性,35,10,肯定形,,○,5,90,複合体を形成することによって、以下の疎水性薬物を安定化するのに用いられる化合物はどれか。1つ選べ。一般名：アルプロスタジル構造式： O H HO H H H OH CO2H CH3,アスコルビン酸,a︲シクロデキストリン,カルメロースナトリウム,エデト酸ナトリウム水和物,パラオキシ安息香酸ブチル,2,,102-50 102-51 102-52 102-53 103-48 103-49 103-51 103-54 104-50 104-51 104-53 104-54 105-48 105-50 106-49 106-50 106-52 107-48 107-49 108-49 108-50 108-52 108-53 109-49 109-52 109-53 110-49 110-50 110-51 110-52 111-48 111-49 111-50 111-51
109,51,薬剤,吸収・膜透過,28,10,肯定形,,,5,40,有効成分を速やかに溶解させ、口腔粘膜から吸収させる口腔用錠剤はどれか。1つ選べ。,溶解錠,舌下錠,チュアブル錠,口腔内崩壊錠,発泡錠,2,,102-42 102-54 103-41 103-42 103-55 104-42 105-41 105-52 105-54 106-41 106-42 106-48 107-41 107-42 107-51 107-55 108-41 108-42 108-54 108-55 109-41 109-42 110-42 110-54 111-41 111-42 111-52
109,52,薬剤,製剤材料の物性,35,10,肯定形,,○,5,53,日本薬局方の製剤に関する一般試験法のうち、下図の装置を用いるのはどれか。1つ選べ。ダイヤルゲージ円錐試料台,崩壊試験法,眼軟膏剤の金属性異物試験法,半固形製剤の流動学的測定法,粘着力試験法,吸入剤の空気力学的粒度測定法,3,,102-50 102-51 102-52 102-53 103-48 103-49 103-51 103-54 104-50 104-51 104-53 104-54 105-48 105-50 106-49 106-50 106-52 107-48 107-49 108-49 108-50 108-52 108-53 109-49 109-50 109-53 110-49 110-50 110-51 110-52 111-48 111-49 111-50 111-51
109,53,薬剤,製剤材料の物性,35,10,肯定形,,,5,23,等張化剤として用いられるのはどれか。1つ選べ。,エタノール,ポリソルベート80,塩酸,クロロブタノール,濃グリセリン,5,,102-50 102-51 102-52 102-53 103-48 103-49 103-51 103-54 104-50 104-51 104-53 104-54 105-48 105-50 106-49 106-50 106-52 107-48 107-49 108-49 108-50 108-52 108-53 109-49 109-50 109-52 110-49 110-50 110-51 110-52 111-48 111-49 111-50 111-51
109,54,薬剤,製剤各論・製剤総則,13,8,肯定形,,,5,18,医薬品の二次包装はどれか。1つ選べ。,ブリスター包装,PTP（Press Through Package）包装,ストリップ包装,ピロー包装,プラスチックバッグ,4,,102-55 103-50 103-52 103-53 104-49 104-52 105-53 106-53 106-54 107-52 107-53 111-53
109,55,薬剤,DDS・放出制御,7,5,肯定形,,○,5,59,下の模式図で表される経口徐放性製剤の放出制御膜として、適切なのはどれか。1つ選べ。薬物放出口放出制御膜薬物層プッシュ層,糖衣,半透膜,腸溶性皮膜,生分解性皮膜,イオン交換樹脂膜,2,,102-49 106-55 110-53 110-55 111-54 111-55
109,56,病態・薬物治療,精神・神経疾患,16,8,肯定形,,,5,61,神経筋接合部のアセチルコリン受容体に対する自己抗体が産生されることにより、筋力低下をきたす自己免疫疾患はどれか。1つ選べ。,イートン・ランバート症候群,重症筋無力症,ギラン・バレー症候群,進行性筋ジストロフィー,筋萎縮性側索硬化症,2,,102-61 103-60 104-61 104-62 105-62 106-58 106-59 106-64 107-58 107-59 107-60 107-61 107-62 109-57 110-60
109,57,病態・薬物治療,精神・神経疾患,16,8,肯定形,,,5,65,身体の一部又は全身に瞬間的な筋収縮が起こり、発作持続時間が短く、意識消失の自覚症状が無いことが多いてんかん発作はどれか。1つ選べ。,複雑部分発作,欠神発作,強直間代発作,ミオクロニー発作,脱力発作,4,,102-61 103-60 104-61 104-62 105-62 106-58 106-59 106-64 107-58 107-59 107-60 107-61 107-62 109-56 110-60
109,58,病態・薬物治療,代謝・内分泌疾患,15,7,肯定形,,,5,30,メチルフェニデート塩酸塩が適用される疾患はどれか。1つ選べ。,閉塞隅角緑内障,重症うつ病,糖尿病性腎症,くも膜下出血,ナルコレプシー,5,,102-59 103-59 103-63 103-65 106-60 107-65 109-62 109-64 109-65 110-62 110-63 111-56 111-62 111-63
109,59,病態・薬物治療,副作用・薬剤性疾患,18,9,肯定形,,,5,29,高ナトリウム血症の患者に禁忌である薬物はどれか。1つ選べ。,トルバプタン,エプレレノン,エナラプリルマレイン酸塩,カルベジロール,フロセミド,1,,103-68 103-70 104-58 105-58 106-56 106-68 107-57 108-58 108-60 108-65 108-66 108-69 109-61 110-57 110-58 111-57 111-65
109,60,病態・薬物治療,免疫・膠原病・血液疾患,8,8,肯定形,,,5,31,臨床所見としてスプーン状爪が認められる疾患はどれか。1つ選べ。,鉄欠乏性貧血,巨赤芽球性貧血,自己免疫性溶血性貧血,腎性貧血,骨髄異形成症候群,1,,102-58 103-64 105-65 106-61 107-56 108-57 111-66
109,61,病態・薬物治療,副作用・薬剤性疾患,18,9,肯定形,,○,5,37,心電図上で QT 間隔の延長により生じやすくなる不整脈はどれか。1つ選べ。,洞停止,洞房ブロック,心房細動,発作性上室頻拍,多形性心室頻拍,5,,103-68 103-70 104-58 105-58 106-56 106-68 107-57 108-58 108-60 108-65 108-66 108-69 109-59 110-57 110-58 111-57 111-65
109,62,病態・薬物治療,代謝・内分泌疾患,15,7,肯定形,,,5,30,副腎皮質ステロイド性薬が適用される腎疾患はどれか。1つ選べ。,腎硬化症,糖尿病性腎症,痛風腎,多発性嚢胞腎,特発性膜性腎症,5,,102-59 103-59 103-63 103-65 106-60 107-65 109-58 109-64 109-65 110-62 110-63 111-56 111-62 111-63
109,63,病態・薬物治療,腎・泌尿器疾患,5,5,肯定形,,,5,31,ポリカルボフィルカルシウムが適用される疾患はどれか。1つ選べ。,術後イレウス,高カルシウム血症,過敏性腸症候群,腎不全,虫垂炎,3,,103-69 104-56 106-62 111-60
109,64,病態・薬物治療,代謝・内分泌疾患,15,7,肯定形,,,5,37,尿路結石を有する痛風患者に対して、最も適切な尿酸降下薬はどれか。1つ選べ。,ベンズブロマロン,コルヒチン,ドチヌラド,トピロキソスタット,プロベネシド,4,,102-59 103-59 103-63 103-65 106-60 107-65 109-58 109-62 109-65 110-62 110-63 111-56 111-62 111-63
109,65,病態・薬物治療,代謝・内分泌疾患,15,7,肯定形,,,5,37,手術が適応とならないクッシング症候群の治療に用いる薬物はどれか。1つ選べ。,チアマゾール,ミトタン,デスモプレシン酢酸塩水和物,レボチロキシンナトリウム水和物,メチロシン,2,,102-59 103-59 103-63 103-65 106-60 107-65 109-58 109-62 109-64 110-62 110-63 111-56 111-62 111-63
109,66,病態・薬物治療,産婦人科・小児・皮膚眼科ほか,6,6,肯定形,,,5,38,褥瘡治療に用いる外用薬のうち、壊死組織除去効果を有するのはどれか。1つ選べ。,アルプロスタジルアルファデクス,ブロメライン,ポビドンヨード,ジメチルイソプロピルアズレン,トレチノイントコフェリル,2,,102-70 105-60 107-63 110-64 111-64
109,67,病態・薬物治療,感染症,12,8,肯定形,,,5,45,我が国において、肝硬変の原因となるウイルス性肝炎として最も頻度が高いのはどれか。1つ選べ。,Ａ型肝炎,Ｂ型肝炎,Ｃ型肝炎,Ｄ型肝炎,Ｅ型肝炎,3,,102-64 102-65 104-63 104-66 105-67 106-65 106-66 108-67 110-65 110-70 111-61
109,68,病態・薬物治療,医薬品情報・EBM,11,7,肯定形,,,5,91,組換え体医薬品の生産プロセスに関する記述について、に入る適切な語句はどれか。1つ選べ。「目的遺伝子を挿入した発現ベクターを細胞に導入し、産生されたを精製して、組換え体医薬品とする。」,DNA,RNA,ゲノム,タンパク質,脂質,4,,102-67 103-66 104-67 104-68 104-70 107-68 107-69 109-70 110-69 111-70
109,69,病態・薬物治療,臨床統計・研究デザイン,8,7,肯定形,,○,,140,下図の1～5は、既存薬Ｘを対照とした新薬Ｙの非劣性を検討した5つの臨床試験の結果について、両群の差の95％信頼区間を示したものである。あらかじめ設定された非劣性マージンが -D のとき、両側5％水準で非劣性が結論づけられるのはどれか。1つ選べ。 -D 0既存薬Ｘが優る新薬Ｙが優る,,,,,,4,,102-68 103-67 105-68 105-69 106-70 108-70 111-69
109,70,病態・薬物治療,医薬品情報・EBM,11,7,肯定形,,,5,59,コンパニオン診断（医薬品の適応判定を目的とした体外診断）のうち、生殖細胞系列遺伝子に対する検査項目はどれか。1つ選べ。,ALK 融合遺伝子,BRAF 遺伝子変異,BRCA1/2遺伝子変異,EGFR 遺伝子変異,KRAS 遺伝子変異,3,,102-67 103-66 104-67 104-68 104-70 107-68 107-69 109-68 110-69 111-70
109,71,法規・制度・倫理,コミュニケーション・患者中心の医療,7,6,肯定形,,,5,46,次のうち、医療における患者の QOL を考えるときに最も重要視すべきなのはどれか。1つ選べ。,患者の人間としての尊厳,家族の意思,費用対効果,医療者の経済的利益,医学の進歩,1,,102-80 104-80 108-80 109-80 110-80 111-80
109,72,法規・制度・倫理,倫理・臨床研究,9,8,肯定形,,,5,51,要配慮個人情報とは、特定の記述等を含む個人情報である。その特定の記述等に該当するのはどれか。1つ選べ。,生年月日,病歴,住所,学歴,電話番号,2,,102-79 103-77 103-78 104-79 106-71 107-79 108-79 110-78
109,73,法規・制度・倫理,薬剤師法,13,8,肯定形,,,5,27,薬剤師法において規定されている事項はどれか。1つ選べ。,薬局の開設の許可,管理薬剤師の責務,一般用医薬品の取扱い,処方箋中の疑義の照会,守秘義務,4,,102-72 102-73 102-75 104-74 105-79 106-72 106-73 107-71 107-72 107-78 108-71 110-71
109,74,法規・制度・倫理,薬機法・医薬品の分類,18,9,肯定形,,,5,47,新有効成分含有医薬品等の市販直後調査の実施は、どの時点から6ケ月と規定されているか。1つ選べ。,承認申請した時,承認を受けた時,販売を開始した時,薬価収載された時,医薬品リスク管理計画を策定した時,3,,103-73 103-74 103-80 104-76 104-78 105-75 105-78 105-80 106-80 107-77 108-76 109-75 110-72 110-73 110-75 111-71 111-75
109,75,法規・制度・倫理,薬機法・医薬品の分類,18,9,肯定形,,,5,113,医薬品医療機器等法第41条第1項において、日本薬局方を定め公示する目的を規定している条文のに当てはまるのはどれか。1つ選べ。「厚生労働大臣は、を図るため、薬事・食品衛生審議会の意見を聴いて、日本薬局方を定め、これを公示する。」,医薬品の性状及び品質の適正,医薬品の安定供給の確保,医薬品の有効性及び安全性の確保,医療の安全確保,良質かつ適切な医療の確保,1,,103-73 103-74 103-80 104-76 104-78 105-75 105-78 105-80 106-80 107-77 108-76 109-74 110-72 110-73 110-75 111-71 111-75
109,76,法規・制度・倫理,販売制度・リスク区分,4,3,肯定形,,,5,114,次の文章のに当てはまるのはどれか。1つ選べ。他の医療提供施設と連携し、地域における医薬品の適正使用の推進、情報提供や指導を行うなどの機能を有する薬局として、都道府県知事の認定を受けて称することができる名称は、「連携薬局」である。,医療,地域,多職種,医療機関,医療介護,2,,103-76 104-72 109-78
109,77,法規・制度・倫理,麻薬・向精神薬・覚醒剤,9,6,否定形,,,5,52,大麻取締法で規定される「大麻」に該当しない大麻草（カンナビス・サティバ・エル）の部位はどれか。1つ選べ。,花穂,未熟な茎,葉,種子,根,4,,104-75 105-71 105-77 106-75 106-76 106-77 107-76 111-77
109,78,法規・制度・倫理,販売制度・リスク区分,4,3,肯定形,,,5,35,医療法において、医療提供施設として明記されているのはどれか。1つ選べ。,調剤を実施する薬局,医薬品店舗販売業の許可を有する店舗,医療を受ける者の居宅,医療安全支援センター,医療事故調査・支援センター,1,,103-76 104-72 109-76
109,79,法規・制度・倫理,医療保険・介護保険,14,8,肯定形,,,5,24,介護保険の保険者に該当するのはどれか。1つ選べ。,国民健康保険組合,健康保険組合,地方厚生局,都道府県,市町村及び特別区,5,,102-76 102-78 104-71 105-73 106-78 106-79 108-73 108-77 108-78 110-77 111-72 111-78 111-79
109,80,法規・制度・倫理,コミュニケーション・患者中心の医療,7,6,肯定形,,,5,51,エリザベス・キューブラー = ロスによって提唱された死にゆく人の心理過程で第2段階はどれか。1つ選べ。,受容,取り引き,怒り,否認と孤立,抑うつ,3,,102-80 104-80 108-80 109-71 110-80 111-80
109,81,実務,服薬指導・製剤の取扱い,12,9,肯定形,,,5,39,一般用医薬品の薬効分類と成分の組合せで正しいのはどれか。1つ選べ。成分薬効分類,クロタミトン鎮痒薬,クロルフェニラミンマレイン酸塩催眠鎮静薬,ペミロラストカリウム鼻炎用点鼻薬,テルビナフィン塩酸塩アレルギー用点眼薬,ビサコジル含嗽薬,1,,102-85 103-89 105-88 106-82 106-88 107-87 107-88 108-89 109-85 110-83 111-88
109,82,実務,注射・無菌調製・配合変化,11,6,肯定形,,,5,56,入院患者のバンコマイシンによる MRSA 感染症治療プロセスのうち、薬剤師が主に担当する役割はどれか。1つ選べ。,バンコマイシンを用いた治療の決定 ↓,バンコマイシン注射液静脈内投与後の経時的採血 ↓,皮膚症状発現時の処置 ↓,血中 CRP 及び血中バンコマイシン濃度の測定 ↓,測定結果に基づくバンコマイシン投与設計の提案,5,,103-81 103-85 103-90 104-83 107-84 107-85 108-82 108-85 111-81 111-83
109,83,実務,在宅・地域・セルフメディケーション,10,7,肯定形,,,5,38,アフタ性口内炎に用いられる一般用医薬品に含まれる有効成分はどれか。1つ選べ。,フルオシノロンアセトニド,トリアムシノロンアセトニド,ベタメタゾン吉草酸エステル,デキサメタゾン酢酸エステル,ヒドロコルチゾン,2,,102-89 103-87 105-90 107-89 108-87 109-86 110-81 110-84 110-85
109,84,実務,調剤・処方箋,9,7,肯定形,,,5,34,健康サポート薬局の届出要件の一つとして、適切なのはどれか。1つ選べ。,個人情報に配慮した相談窓口の設置,休日を除く24時間の開局,薬局内での無菌調剤,予防接種のためのワクチン調製,専門薬剤師による抗がん剤の選択支援,1,,102-83 102-87 104-88 105-87 106-90 108-83 109-90 110-86
109,85,実務,服薬指導・製剤の取扱い,12,9,肯定形,,,5,34,生後3ケ月の乳児に対する薬の使い方として適切なのはどれか。1つ選べ。,散剤を熱湯で溶かしてから飲ませる。,散剤をハチミツに混ぜて飲ませる。,散剤に数滴の水を加えてペースト状にし、頬の内側か上あごに塗りつけ、すぐに水を飲ませる。,散剤とシロップ剤が一緒に出ている時は、翌日分をあらかじめ混ぜて作り置きしておく。,坐剤は冷凍庫に保管し、冷えた状態で使用する。,3,,102-85 103-89 105-88 106-82 106-88 107-87 107-88 108-89 109-81 110-83 111-88
109,86,実務,在宅・地域・セルフメディケーション,10,7,肯定形,,,,88,漢方薬と代表的な副作用の組合せとして正しいのはどれか。1つ選べ。漢方薬代表的な副作用半夏瀉心湯口内炎芍薬甘草湯高カリウム血症半夏厚朴湯下痢小柴胡湯間質性肺炎黄連解毒湯腎機能障害,,,,,,4,,102-89 103-87 105-90 107-89 108-87 109-83 110-81 110-84 110-85
109,87,実務,医薬品管理・保管,9,5,肯定形,,,5,32,ペニシラミンを解毒薬として使う中毒の原因物質はどれか。1つ選べ。,アセトアミノフェン,鉛,テトロドトキシン,サリン,メタノール,2,,102-82 102-88 104-86 104-89 105-81 105-84 105-86 107-83
109,88,実務,消毒・感染対策,9,8,肯定形,,,5,39,ノロウイルスで汚染された病室の床を消毒するのに最も適するのはどれか。1つ選べ。,クロルヘキシジングルコン酸塩,グルタラール,次亜塩素酸ナトリウム,ポビドンヨード,ベンザルコニウム塩化物,3,,102-86 103-88 104-84 105-85 107-86 108-86 108-88 111-87
109,89,実務,チーム医療・病棟業務,5,5,肯定形,,,5,29,チーム医療を実践する上で、最も必要なのはどれか。1つ選べ。,国家資格を有する職種のみで構成する。,医師の意見を最優先する。,各職種の専門用語を使用する。,職種ごとにクリニカルパスを作成する。,職種間で医療情報を共有して意思決定する。,5,,105-89 106-81 107-82 108-81
109,90,実務,調剤・処方箋,9,7,肯定形,,,5,52,麻薬及び向精神薬取締法に基づき、入院患者の麻薬処方箋に記載しなければならない必須事項はどれか。1つ選べ。,患者の住所,処方箋の使用期間,麻薬施用者の免許証の番号,麻薬業務所の名称,麻薬業務所の所在地,3,,102-83 102-87 104-88 105-87 106-90 108-83 109-84 110-86
110,1,物理,電気化学・分子間相互作用,7,5,肯定形,,○,5,158,図はダニエル電池（Zn;ZnSO4（aq）CuSO4（aq）;Cu）の模式図である。この電池の標準起電力として正しいのはどれか。1つ選べ。ただし、Zn と Cu の半電池の標準電極電位はそれぞれ -0 . 763 V と +0 . 337 V とする。導線 Zn 板多孔質壁 Cu 板 ZnSO4溶液 CuSO4溶液,+0 . 213 V,+0 . 426 V,+1 . 100 V,-0 . 426 V,-1 . 100 V,3,,102-2 104-4 106-4 106-5 109-1 109-2
110,2,物理,熱力学,6,5,肯定形,,,6,63,熱力学における「閉じた系」において、熱、物質及び仕事のうち、外界とやりとりができるものだけをすべて挙げたのはどれか。1つ選べ。,熱,物質,仕事,熱、仕事,物質、仕事6熱、物質,4,,103-1 103-4 105-5 107-2 108-2
110,3,物理,溶液・束一的性質,6,4,肯定形,,,5,78,難溶性塩である水酸化鉄（Ⅲ）（Fe（OH）3）の純水中での溶解度を S mol/L とすると、その溶解度積（Ksp）を正しく表しているのはどれか。1つ選べ。,3S 3（mol/L）3,4S 3（mol/L）3,9S 3（mol/L）3,9S 4（mol/L）4,27S 4（mol/L）4,5,,103-2 107-3 107-4 110-5 111-2
110,4,物理,未分類,2,2,肯定形,,,5,72,スピン量子数が1/2である原子核が外部磁場の中に置かれると、そのエネルギーが2つのエネルギー準位に分かれることを表しているのはどれか。1つ選べ。,化学シフト,McLafferty（マクラファティー）転位,ラジカル開裂,超微細分裂,ゼーマン分裂,5,,111-1
110,5,物理,溶液・束一的性質,6,4,肯定形,○,○,5,183,溶媒中で解離しない薬物Ｘを50 mmol 含む水溶液100 mL に酢酸エチルを加えて振とう、静置したところ、二液相に分相し、酢酸エチル相中のＸ は45 mmol であった。Ｘの分配係数（酢酸エチル相中の濃度/水相中の濃度）を18とすると、酢酸エチル相の体積はどれか。1つ選べ。ただし、分配に用いる溶媒は互いの溶媒で飽和されており、水相の体積は100 mL とする。,50 mL,100 mL,150 mL,200 mL,250 mL,1,,103-2 107-3 107-4 110-3 111-2
110,6,化学,生体分子の化学,2,1,肯定形,,○,,148,以下のアルドヘキソースＡのアノマーはどれか。1つ選べ。 CH2OH O OH OH HO OH A CH2OH CH2OH CH2OH CH2OH CH2OH HO O OH O OH O OH O OHO OH HO HO OH OH OH OH HO OH HO OH OH HO OH OH,,,,,,4,,110-10
110,7,化学,無機・電子論,6,6,肯定形,,○,5,32,以下の薬物に含まれる金属元素Ｍとして適切なのはどれか。1つ選べ。,Li,Mg,Al,Ca,Zn O M OH OH H N O N H O NH H2N,3,,103-9 104-6 107-9 108-10 109-7
110,8,化学,酸塩基性・官能基,5,5,肯定形,,,,55,以下の化合物のうち、最も酸性度が高いのはどれか。1つ選べ。 OH OH OH OH OH NH2 Cl NO2,,,,,,5,,102-10 103-10 104-7 111-6
110,9,化学,未分類,6,6,肯定形,,○,,104,以下の化学種のうち、ベンジルカチオンが最も安定化されているのはどれか。1つ選べ。＋H H ＋H H ＋H H ＋H H ＋H H OCH3 OCH3 OCH3 OCH3 OCH3 OCH3 OCH3 H3CO,,,,,,4,,102-6 104-10 106-6 108-7 109-8
110,10,化学,生体分子の化学,2,1,肯定形,,○,5,104,ビンクリスチンの生合成前駆体となるアミノ酸はどれか。1つ選べ。 N N H HO CH3 H O CH3 O O CH3 N CH3 O H H O N H OH O CHO CH3 O CH3ビンクリスチン,オルニチン,チロシン,トリプトファン,フェニルアラニン,リシン,3,,110-6
110,11,生物,人体の構造と機能,13,8,肯定形,,,5,57,血管平滑筋細胞を持たず血管内皮細胞と基底膜から構成され、栄養成分や老廃物の物質交換が行われるのはどれか。1つ選べ。,大動脈,細動脈,毛細血管,大静脈,胸管,3,,102-11 103-11 104-11 104-12 105-11 105-14 108-11 108-12 109-11 109-12 109-14 111-11
110,12,生物,未分類,6,5,肯定形,,○,,117,核酸に含まれるプリン塩基のヒトにおける最終代謝産物はどれか。1つ選べ。 HN O N O N H HN O N N H N N H O HN H2N N N N H NH2 N N N N H O N H HN O H N N H O,,,,,,5,,102-12 103-12 105-12 106-11 106-13
110,13,生物,遺伝子・分子生物学,10,6,肯定形,,,5,54,真核生物において、転写開始の際に RNA ポリメラーゼⅡの結合に必要な DNA 上の領域はどれか。1つ選べ。,イントロン,エクソン,プロモーター,テロメア,ターミネーター,3,,102-13 103-13 104-13 104-14 107-13 107-14 110-14 110-15 111-15
110,14,生物,遺伝子・分子生物学,10,6,肯定形,,,5,56,オステオカルシンとカルシウムイオンが結合できるようにする、グルタミン酸残基に対する翻訳後修飾はどれか。1つ選べ。,アセチル化,メチル化,ミリストイル化,リン酸化,カルボキシ化,5,,102-13 103-13 104-13 104-14 107-13 107-14 110-13 110-15 111-15
110,15,生物,遺伝子・分子生物学,10,6,肯定形,,,5,39,ウイルスゲノムを中心としてその周囲を取り囲むタンパク質の壳はどれか。1つ選べ。,エンベロープ,カプシド,コア,スパイク,ビリオン,2,,102-13 103-13 104-13 104-14 107-13 107-14 110-13 110-14 111-15
110,16,衛生,保健統計・人口,4,4,肯定形,,○,5,142,下図の年次推移を示す我が国の人口統計指標はどれか。1つ選べ。）15対千口人（10 5 0 1950 1955 1960 1965 1970 1975 1980 1985 1990 1995 2000 2005 2010 2015 2020（年）（厚生労働省「人口動態統計」を基に作成）,出生率,合計特殊出生率,総再生産率,粗死亡率,年齢調整死亡率,4,,104-20 105-21 106-16
110,17,衛生,感染症・予防接種,10,9,肯定形,,,5,15,再興感染症はどれか。1つ選べ。,結核,クリプトスポリジウム症,重症急性呼吸器症候群（SARS）,レジオネラ症,ロタウイルス感染症,1,,102-19 103-19 104-18 105-19 105-20 106-18 108-16 109-17 111-16
110,18,衛生,化学物質の毒性・解毒,20,10,肯定形,,,5,56,有害物質の経皮曝露を防ぐために化学防護手袋を使用することは、労働衛生の5管理のうち、どれに該当するか。1つ選べ。,総括管理,健康管理,作業管理,労働衛生教育,作業環境管理,3,,102-21 103-21 103-22 104-22 104-23 105-17 105-22 105-24 106-21 106-22 107-22 107-23 107-24 108-22 109-22 110-21 111-22 111-23 111-25
110,19,衛生,食中毒・食品衛生,19,9,肯定形,,,5,44,以下の構造式で示す腐敗アミンの前駆体となるアミノ酸はどれか。1つ選べ。 HN N NH2,リシン,チロシン,ヒスチジン,アルギニン,トリプトファン,3,,102-16 102-17 102-18 103-17 103-18 104-16 104-17 105-16 105-18 107-17 107-18 107-20 108-18 108-19 108-20 109-20 110-20 111-21
110,20,衛生,食中毒・食品衛生,19,9,肯定形,,○,5,49,コウジカビ Aspergillus flavus が産生する主要な肝発がん物質はどれか。1つ選べ。,シトリニン,パツリン,アフラトキシン B 1,フモニシン B 1,デオキシニバレノール,3,,102-16 102-17 102-18 103-17 103-18 104-16 104-17 105-16 105-18 107-17 107-18 107-20 108-18 108-19 108-20 109-20 110-19 111-21
110,21,衛生,化学物質の毒性・解毒,20,10,否定形,,○,5,69,主に非意図的に生成することから化審法（注）で規制されていないのはどれか。1つ選べ。（注）化審法：化学物質の審査及び製造等の規制に関する法律,ポリ塩化ジベンゾ︲p︲ジオキシン,ポリ塩化ビフェニル,ペルフルオロ（オクタン︲1︲スルホン酸）,ヘキサブロモビフェニル,ビス（トリブチルスズ）= オキシド,1,,102-21 103-21 103-22 104-22 104-23 105-17 105-22 105-24 106-21 106-22 107-22 107-23 107-24 108-22 109-22 110-18 111-22 111-23 111-25
110,22,衛生,放射線・物理的環境要因,4,3,肯定形,,,5,51,非電離放射線のうち、眼の水晶体タンパク質の変性によってガラス工白内障を引き起こすのはどれか。1つ選べ。,UVA,UVB,UVC,赤外線,可視光線,4,,102-23 109-23 109-24
110,23,衛生,環境衛生,22,10,肯定形,,○,,178,水道水質基準の基準項目に定められている大腸菌を特異的に検出するための基質はどれか。1つ選べ。 Br Cl CH2OH HO O O CH2OH HO O O NH CH2OH O O CN OH NO2 OH OH HO OH OH OH CH3 CO2H O O OH HO OH O O CH2OH O O N － O N ＋ CH3 OH HO OH,,,,,,4,,102-24 102-25 103-24 103-25 104-21 104-24 104-25 105-25 106-23 106-24 106-25 107-25 108-17 108-23 108-24 108-25 109-18 109-25 110-24 110-25 111-24
110,24,衛生,環境衛生,22,10,肯定形,,,5,33,湖沼で藍藻類や放線菌が産生するカビ臭の原因物質はどれか。1つ選べ。,クロラミン,ジェオスミン,トリハロメタン,クロロフェノール,ミクロシスチン,2,,102-24 102-25 103-24 103-25 104-21 104-24 104-25 105-25 106-23 106-24 106-25 107-25 108-17 108-23 108-24 108-25 109-18 109-25 110-23 110-25 111-24
110,25,衛生,環境衛生,22,10,肯定形,,,5,56,逆転層は大気汚染物質の滞留を引き起こす。盆地や谷間などの低地に冷たい空気が流入して発生するのはどれか。1つ選べ。,沈降性逆転層,地形性逆転層,放射性逆転層,移流性逆転層,前線性逆転層,2,,102-24 102-25 103-24 103-25 104-21 104-24 104-25 105-25 106-23 106-24 106-25 107-25 108-17 108-23 108-24 108-25 109-18 109-25 110-23 110-24 111-24
110,26,薬理,自律神経作用薬,38,10,肯定形,,,5,178,モルモット摘出回腸標本の収縮反応について、アセチルコリン単独による濃度︲ 反応曲線（破線）と、薬物Ｘ存在下でのアセチルコリンによる濃度︲反応曲線（実線）を作成したところ、下図のようになった。薬物Ｘはどれか。1つ選べ。ただし、アセチルコリン単独により生じる最大収縮を100％とした。また、薬物 Ｘの単独では収縮反応が生じなかった。反応率（％）100 50 0,ヒスタミン,アトロピン,ピリドスチグミン,パパベリン,ベタネコールアセチルコリン（対数濃度）,4,,102-27 102-29 103-26 103-28 103-29 103-30 104-27 104-28 104-33 104-40 105-28 105-29 105-37 106-27 106-28 106-35 106-40 107-26 107-27 107-28 107-29 108-27 108-28 108-34 108-36 108-40 109-26 109-27 109-34 109-35 110-27 110-28 110-29 110-31 111-26 111-33 111-35
110,27,薬理,自律神経作用薬,38,10,肯定形,,,5,25,フェニレフリンの昇圧作用の機序はどれか。1つ選べ。,アドレナリン a1受容体刺激,アドレナリン a2受容体遮断,アドレナリン b1受容体刺激,カテコール︲O ︲メチルトランスフェラーゼ阻害,ノルアドレナリン再取り込み阻害,1,,102-27 102-29 103-26 103-28 103-29 103-30 104-27 104-28 104-33 104-40 105-28 105-29 105-37 106-27 106-28 106-35 106-40 107-26 107-27 107-28 107-29 108-27 108-28 108-34 108-36 108-40 109-26 109-27 109-34 109-35 110-26 110-28 110-29 110-31 111-26 111-33 111-35
110,28,薬理,自律神経作用薬,38,10,肯定形,,○,5,29,ピロカルピンが毛様体筋を収縮させる機序はどれか。1つ選べ。,アドレナリン a1受容体遮断,アドレナリン a2受容体刺激,アドレナリン b2受容体遮断,アセチルコリン M2受容体遮断,アセチルコリン M3受容体刺激,5,,102-27 102-29 103-26 103-28 103-29 103-30 104-27 104-28 104-33 104-40 105-28 105-29 105-37 106-27 106-28 106-35 106-40 107-26 107-27 107-28 107-29 108-27 108-28 108-34 108-36 108-40 109-26 109-27 109-34 109-35 110-26 110-27 110-29 110-31 111-26 111-33 111-35
110,29,薬理,自律神経作用薬,38,10,肯定形,,,5,29,ロクロニウムの筋弛緩作用に関わる作用点はどれか。1つ選べ。,アセチルコリン NM 受容体,電位依存性 Na+ チャネル,リアノジン受容体,コリンアセチルトランスフェラーゼ,コリンエステラーゼ,1,,102-27 102-29 103-26 103-28 103-29 103-30 104-27 104-28 104-33 104-40 105-28 105-29 105-37 106-27 106-28 106-35 106-40 107-26 107-27 107-28 107-29 108-27 108-28 108-34 108-36 108-40 109-26 109-27 109-34 109-35 110-26 110-27 110-28 110-31 111-26 111-33 111-35
110,30,薬理,薬理学総論,9,5,肯定形,,,5,39,オレキシン受容体を選択的に遮断することで、睡眠を誘導するのはどれか。1つ選べ。,ヒドロキシジン,リルマザホン,レンボレキサント,ゾピクロン,ペントバルビタール,3,,102-26 104-26 104-29 104-37 105-26 105-34 105-39 106-26
110,31,薬理,自律神経作用薬,38,10,肯定形,,,5,30,タンドスピロンの抗不安作用に関わる作用点はどれか。1つ選べ。,ドパミン D2受容体,c︲アミノ酪酸 GABAA 受容体,ニコチン性アセチルコリン受容体,セロトニン5︲HT1A 受容体,ヒスタミン H1受容体,4,,102-27 102-29 103-26 103-28 103-29 103-30 104-27 104-28 104-33 104-40 105-28 105-29 105-37 106-27 106-28 106-35 106-40 107-26 107-27 107-28 107-29 108-27 108-28 108-34 108-36 108-40 109-26 109-27 109-34 109-35 110-26 110-27 110-28 110-29 111-26 111-33 111-35
110,32,薬理,中枢神経作用薬,25,9,肯定形,,,5,44,グルタミン酸 NMDA 受容体を遮断するアルツハイマー型認知症治療薬はどれか。1つ選べ。,リバスチグミン,ドネペジル,エダラボン,メマンチン,ガランタミン,4,,102-30 103-27 103-31 103-32 103-33 103-36 104-30 104-32 104-34 105-27 105-30 105-31 105-32 106-29 106-30 106-36 107-30 109-28 110-36 111-27 111-28 111-29 111-30 111-31
110,33,薬理,抗がん薬・免疫,8,7,肯定形,,,5,35,尋常性乾癬の治療に用いられるセクキヌマブの標的分子はどれか。1つ選べ。,ホスホジエステラーゼⅣ（PDE Ⅳ）,チロシンキナーゼ2（Tyk2）,ビタミン D 受容体,IL︲12及び IL︲23,IL︲17A,5,,102-40 103-40 105-40 106-39 107-31 109-40 110-40
110,34,薬理,循環器作用薬,15,9,肯定形,,,5,61,細胞内サイクリック GMP（cGMP）濃度上昇作用及び K + チャネル開口作用を併せ持つ狭心症治療薬はどれか。1つ選べ。,ニコランジル,ベラパミル,ジルチアゼム,硝酸イソソルビド,アテノロール,1,,102-28 102-31 102-32 103-34 103-35 104-31 106-33 107-33 107-35 108-31 108-32 109-31 109-33 111-32
110,35,薬理,血液・造血薬,5,5,肯定形,,,5,48,アンチトロンビン非依存的に血液凝固第 Xa 因子の活性を直接阻害する抗凝固薬はどれか。1つ選べ。,エノキサパリン,フォンダパリヌクス,ダビガトランエテキシラート,ワルファリン,エドキサバン,5,,102-37 104-36 108-33 111-34
110,36,薬理,中枢神経作用薬,25,9,肯定形,,,5,48,タキキニン NK1受容体を遮断して、抗悪性腫瘍薬による遅発性嘔吐を抑制するのはどれか。1つ選べ。,オンダンセトロン,ドンペリドン,アプレピタント,ジメンヒドリナート,メトクロプラミド,3,,102-30 103-27 103-31 103-32 103-33 103-36 104-30 104-32 104-34 105-27 105-30 105-31 105-32 106-29 106-30 106-36 107-30 109-28 110-32 111-27 111-28 111-29 111-30 111-31
110,37,薬理,内分泌・代謝薬,24,9,肯定形,,,5,33,高尿酸血症治療薬トピロキソスタットが阻害するのはどれか。1つ選べ。,シクロオキシゲナーゼ,キサンチンオキシダーゼ,尿酸オキシダーゼ,尿酸トランスポーター,有機アニオントランスポーター,2,,102-33 102-35 102-36 103-37 103-38 103-39 105-36 105-38 106-31 106-32 106-34 106-37 107-32 107-38 107-39 108-37 108-38 108-39 109-36 109-37 111-37 111-38 111-40
110,38,薬理,泌尿器・眼科・その他,2,2,肯定形,,,5,41,プロゲステロン受容体を刺激して、子宮内膜細胞の増殖を抑制するのはどれか。1つ選べ。,リュープロレリン,タモキシフェン,ジエノゲスト,エンザルタミド,デュタステリド,3,,106-38
110,39,薬理,抗菌・抗ウイルス・抗真菌薬,5,5,肯定形,,,5,66,ペプチドグリカン前駆体のペンタペプチド末端の D︲アラニル︲D︲アラニンと結合して、細菌の細胞壁合成を阻害するのはどれか。1つ選べ。,アミカシン,セファゾリン,バンコマイシン,メロペネム,ミカファンギン,3,,102-39 104-39 109-39 111-39
110,40,薬理,抗がん薬・免疫,8,7,肯定形,,,5,54,HER2（ヒト上皮増殖因子受容体2型）と結合することにより、乳がん細胞の増殖を抑制するのはどれか。1つ選べ。,エキセメスタン,トラスツズマブ,ベバシズマブ,ダウノルビシン,ブスルファン,2,,102-40 103-40 105-40 106-39 107-31 109-40 110-33
110,41,薬剤,未分類,6,5,肯定形,,○,5,63,下図のように、細胞膜の形態変化を伴って高分子医薬品を細胞内へ取り込む輸送機構はどれか。1つ選べ。細胞外細胞膜高分子医薬品細胞内,単純拡散,促進拡散,一次性能動輸送,二次性能動輸送,膜動輸送,5,,104-43 105-49 105-55 106-51 108-51
110,42,薬剤,吸収・膜透過,28,10,肯定形,,,6,35,経口投与された薬物が吸収される経路として、正しいのはどれか。1つ選べ。,小腸 → リンパ管 → 大腸 → 全身循環系,小腸 → リンパ管 → 肝臓 → 全身循環系,小腸 → 門脈 → 大腸 → 全身循環系,小腸 → 門脈 → 肝臓 → 全身循環系,小腸 → 胆管 → 大腸 → 全身循環系6小腸 → 胆管 → 肝臓 → 全身循環系,4,,102-42 102-54 103-41 103-42 103-55 104-42 105-41 105-52 105-54 106-41 106-42 106-48 107-41 107-42 107-51 107-55 108-41 108-42 108-54 108-55 109-41 109-42 109-51 110-54 111-41 111-42 111-52
110,43,薬剤,分布,9,5,肯定形,,,5,45,炎症性疾患時に増加し、プロプラノロールが最も強く結合する血漿タンパク質はどれか。1つ選べ。,アルブミン,a︲グロブリン,フィブリノーゲン,C 反応性タンパク質,a1︲酸性糖タンパク質,5,,105-42 105-51 107-43 107-50 107-54 108-43 109-43 109-48
110,44,薬剤,代謝,14,10,肯定形,,,5,29,薬物代謝における第Ⅱ相反応に関与するのはどれか。1つ選べ。,シトクロム P450,UDP︲グルクロン酸転移酵素,フラビン含有モノオキシゲナーゼ,アルコール脱水素酵素,モノアミン酸化酵素,2,,102-43 103-44 103-45 104-44 104-55 105-43 105-44 106-44 107-44 108-44 108-47 109-44 111-44
110,45,薬剤,排泄,7,7,肯定形,,○,,130,下図は腎臓のネフロンを模式的に示したものである。図中の1～5のうち、有機アニオントランスポーター（OAT1、OAT3）を介した薬物の輸送を表すのはどれか。1つ選べ。ただし、図中の矢印の向きは薬物が移行する方向を示す。血液糸球体近位尿細管ヘンレ係蹄遠位尿細管排泄,,,,,,3,,102-41 104-45 106-45 107-46 108-45 109-45
110,46,薬剤,薬物動態パラメータ・計算,26,10,肯定形,,,5,62,体内動態が線形1︲コンパートメントモデルに従う薬物を経口投与した場合、最高血中濃度到達時間が短縮する要因はどれか。1つ選べ。,投与量の減少,吸収率の上昇,分布容積の増大,吸収速度定数の上昇,消失速度定数の低下,4,,102-44 102-45 102-46 102-47 102-48 103-43 103-46 103-47 104-41 104-46 104-47 105-45 105-46 105-47 106-43 106-46 106-47 107-45 108-46 109-46 110-47 110-48 111-43 111-45 111-46
110,47,薬剤,薬物動態パラメータ・計算,26,10,肯定形,○,,5,96,体内動態が線形1︲コンパートメントモデルに従い、消失半減期が2時間である薬物を静脈内定速注入する。投与開始後、薬物の血中濃度が定常状態の血中濃度の75％に到達する時間（h）はどれか。1つ選べ。,1,2,3,4,5,4,,102-44 102-45 102-46 102-47 102-48 103-43 103-46 103-47 104-41 104-46 104-47 105-45 105-46 105-47 106-43 106-46 106-47 107-45 108-46 109-46 110-46 110-48 111-43 111-45 111-46
110,48,薬剤,薬物動態パラメータ・計算,26,10,肯定形,,○,5,100,ある薬物の肝固有クリアランス（CL int）が肝血流量（Q h）と比較して十分に小さい場合、その薬物の肝クリアランスはどのように近似できるか。1つ選べ。ただし、fu は血漿タンパク非結合形分率とする。,Q h,CL int,fu・Q h,fu・CL int,CL int/fu,4,,102-44 102-45 102-46 102-47 102-48 103-43 103-46 103-47 104-41 104-46 104-47 105-45 105-46 105-47 106-43 106-46 106-47 107-45 108-46 109-46 110-46 110-47 111-43 111-45 111-46
110,49,薬剤,製剤材料の物性,35,10,肯定形,,,5,20,陽イオン性界面活性剤はどれか。1つ選べ。,ステアリン酸ナトリウム,ポリソルベート80,ラウリル硫酸ナトリウム,レシチン,ベンゼトニウム塩化物,5,,102-50 102-51 102-52 102-53 103-48 103-49 103-51 103-54 104-50 104-51 104-53 104-54 105-48 105-50 106-49 106-50 106-52 107-48 107-49 108-49 108-50 108-52 108-53 109-49 109-50 109-52 109-53 110-50 110-51 110-52 111-48 111-49 111-50 111-51
110,50,薬剤,製剤材料の物性,35,10,肯定形,,,5,49,造粒に用いる機器のうち、混合、造粒、乾燥の工程を同一装置内で行うことができるのはどれか。1つ選べ。,流動層造粒機,転動造粒機,押出し造粒機,噴霧乾燥造粒機,破砕造粒機,1,,102-50 102-51 102-52 102-53 103-48 103-49 103-51 103-54 104-50 104-51 104-53 104-54 105-48 105-50 106-49 106-50 106-52 107-48 107-49 108-49 108-50 108-52 108-53 109-49 109-50 109-52 109-53 110-49 110-51 110-52 111-48 111-49 111-50 111-51
110,51,薬剤,製剤材料の物性,35,10,肯定形,,○,5,62,構造粘性を有する製剤でみられる、下図のレオグラムを示す現象はどれか。1つ選べ。 D 度速断んせ下降曲線上昇曲線せん断応力 S,クリープ,チキソトロピー,応力緩和,ダイラタンシー,コアセルベーション,2,,102-50 102-51 102-52 102-53 103-48 103-49 103-51 103-54 104-50 104-51 104-53 104-54 105-48 105-50 106-49 106-50 106-52 107-48 107-49 108-49 108-50 108-52 108-53 109-49 109-50 109-52 109-53 110-49 110-50 110-52 111-48 111-49 111-50 111-51
110,52,薬剤,製剤材料の物性,35,10,肯定形,,,5,30,透析用剤に適用される日本薬局方一般試験法はどれか。1つ選べ。,アルコール数測定法,エンドトキシン試験法,重金属試験法,制酸力試験法,溶出試験法,2,,102-50 102-51 102-52 102-53 103-48 103-49 103-51 103-54 104-50 104-51 104-53 104-54 105-48 105-50 106-49 106-50 106-52 107-48 107-49 108-49 108-50 108-52 108-53 109-49 109-50 109-52 109-53 110-49 110-50 110-51 111-48 111-49 111-50 111-51
110,53,薬剤,DDS・放出制御,7,5,肯定形,,○,5,54,下の模式図で示される経口徐放カプセル剤の型はどれか。1つ選べ。速放性顆粒徐放性顆粒1徐放性顆粒2徐放性顆粒3,スパンスル型,ロンタブ型,グラデュメット型,スパスタブ型,レジネート型,1,,102-49 106-55 109-55 110-55 111-54 111-55
110,54,薬剤,吸収・膜透過,28,10,肯定形,,○,5,40,薬物の直腸からの吸収改善を図るために用いられている吸収促進剤はどれか。1つ選べ。,アルギン酸ナトリウム,安息香酸ナトリウム,カプリン酸ナトリウム,チオグリコール酸,プロカイン塩酸塩,3,,102-42 102-54 103-41 103-42 103-55 104-42 105-41 105-52 105-54 106-41 106-42 106-48 107-41 107-42 107-51 107-55 108-41 108-42 108-54 108-55 109-41 109-42 109-51 110-42 111-41 111-42 111-52
110,55,薬剤,DDS・放出制御,7,5,肯定形,,,5,51,レクチンによる認識機構を介した能動的ターゲティングのための修飾基として用いられるのはどれか。1つ選べ。,糖鎖,ポリペプチド,長鎖不飽和脂肪酸,オリゴヌクレオチド,ポリエチレングリコール,1,,102-49 106-55 109-55 110-53 111-54 111-55
110,56,病態・薬物治療,循環器疾患,14,6,肯定形,,,5,38,心筋細胞の壊死を直接起こすことにより、心不全を誘発するのはどれか。1つ選べ。,アミオダロン,ドキソルビシン,エナラプリル,ビソプロロール,ピオグリタゾン,2,,102-57 102-60 102-69 104-60 105-56 105-63 108-59 108-61 108-63 108-68 110-59 111-58 111-68
110,57,病態・薬物治療,副作用・薬剤性疾患,18,9,肯定形,,,5,106,デキストラン硫酸固定化セルロースを用いた吸着器によるアフェレシス（注）施行中の患者への投与禁忌薬はどれか。1つ選べ。（注）アフェレシス：生体内のさまざまな血液関連因子を分離・除去して治療する広範囲な医療技術の総称,ニフェジピン,エナラプリルマレイン酸塩,イルベサルタン,エサキセレノン,ドキサゾシンメシル酸塩,2,,103-68 103-70 104-58 105-58 106-56 106-68 107-57 108-58 108-60 108-65 108-66 108-69 109-59 109-61 110-58 111-57 111-65
110,58,病態・薬物治療,副作用・薬剤性疾患,18,9,肯定形,,,5,42,心房と心室を直接連絡する副伝導路により、心室の早期興奮が生じるのはどれか。1つ選べ。,Adams-Stokes（アダムス・ストークス）症候群,Brugada（ブルガダ）症候群,QT 延長症候群,WPW（Wolff-Parkinson-White）症候群,洞不全症候群,4,,103-68 103-70 104-58 105-58 106-56 106-68 107-57 108-58 108-60 108-65 108-66 108-69 109-59 109-61 110-57 111-57 111-65
110,59,病態・薬物治療,循環器疾患,14,6,肯定形,,,5,28,急性心筋梗塞の初期治療に用いられるのはどれか。1つ選べ。,アスピリン,イソプレナリン塩酸塩,ダビガトランエテキシラートメタンスルホン酸塩,プレドニゾロン,プロプラノロール塩酸塩,1,,102-57 102-60 102-69 104-60 105-56 105-63 108-59 108-61 108-63 108-68 110-56 111-58 111-68
110,60,病態・薬物治療,精神・神経疾患,16,8,肯定形,,,5,24,重症筋無力症で認められる症状はどれか。1つ選べ。,突発性発熱,前向性健忘,聴覚障害,振戦,構音障害,5,,102-61 103-60 104-61 104-62 105-62 106-58 106-59 106-64 107-58 107-59 107-60 107-61 107-62 109-56 109-57
110,61,病態・薬物治療,呼吸器・アレルギー疾患,12,7,肯定形,,,5,18,喀血を生じる疾患はどれか。1つ選べ。,気管支拡張症,出血性腸炎,くも膜下出血,胃潰瘍,胃食道逆流症,1,,102-62 103-61 103-62 104-64 104-69 105-61 105-64 105-70 107-66 108-64 110-67
110,62,病態・薬物治療,代謝・内分泌疾患,15,7,肯定形,,,5,26,痛風発作治療薬として最も適切なのはどれか。1つ選べ。,アロプリノール,ダパグリフロジン,ナプロキセン,ラスブリカーゼ,クエン酸カリウム・クエン酸ナトリウム,3,,102-59 103-59 103-63 103-65 106-60 107-65 109-58 109-62 109-64 109-65 110-63 111-56 111-62 111-63
110,63,病態・薬物治療,代謝・内分泌疾患,15,7,肯定形,,,5,28,慢性甲状腺炎の検査所見で陽性になるのはどれか。1つ選べ。,抗ペルオキシダーゼ抗体,抗甲状腺刺激ホルモン（TSH）受容体抗体,抗グルタミン酸脱炭酸酵素（GAD）抗体,抗アセチルコリン受容体抗体,抗環状シトルリン化ペプチド（CCP）抗体,1,,102-59 103-59 103-63 103-65 106-60 107-65 109-58 109-62 109-64 109-65 110-62 111-56 111-62 111-63
110,64,病態・薬物治療,産婦人科・小児・皮膚眼科ほか,6,6,肯定形,,,5,29,シクロスポリン点眼液が使用される眼疾患はどれか。1つ選べ。,白内障,春季カタル,感染性角膜炎,加齢黄斑変性,緑内障,2,,102-70 105-60 107-63 109-66 111-64
110,65,病態・薬物治療,感染症,12,8,肯定形,,,5,31,空気感染が主な伝播経路となるウイルス感染症はどれか。1つ選べ。,麻しん,風しん,HIV 感染症,流行性耳下腺炎（ムンプス）,インフルエンザ,1,,102-64 102-65 104-63 104-66 105-67 106-65 106-66 108-67 109-67 110-70 111-61
110,66,病態・薬物治療,検査値・臨床検査,7,5,肯定形,,,5,36,播種性血管内凝固症候群（DIC）で認められる検査所見はどれか。1つ選べ。,アンチトロンビンの減少,フィブリノゲン・フィブリン分解産物（FDP）の減少,血小板数の増加,プラスミノゲンの増加,プロトロンビン時間（PT）の短縮,1,,103-57 103-58 106-57 107-64 107-70 111-59
110,67,病態・薬物治療,呼吸器・アレルギー疾患,12,7,肯定形,,,5,27,特発性肺線維症の治療に用いられるのはどれか。1つ選べ。,アベマシクリブ,インターフェロンアルファ,ゲフィチニブ,ピルフェニドン,ブレオマイシン,4,,102-62 103-61 103-62 104-64 104-69 105-61 105-64 105-70 107-66 108-64 110-61
110,68,病態・薬物治療,がん,13,9,肯定形,,,5,45,胆石症の疝痛発作時に、疼痛緩和のために使用される薬物として最も適切なのはどれか。1つ選べ。,ウルソデオキシコール酸,エストラジオール,ブチルスコポラミン臭化物,ベザフィブラート,モルヒネ塩酸塩,3,,102-56 102-63 102-66 103-56 104-59 104-65 105-57 105-59 106-67 107-67 108-56 111-67
110,69,病態・薬物治療,医薬品情報・EBM,11,7,肯定形,,,5,27,以下の医薬品情報源のうち、一次資料はどれか。1つ選べ。,ガイドライン,索引誌,医薬品インタビューフォーム,原著論文,医薬品添付文書,4,,102-67 103-66 104-67 104-68 104-70 107-68 107-69 109-68 109-70 111-70
110,70,病態・薬物治療,感染症,12,8,肯定形,,,5,35,レジオネラ肺炎に対して最も有効性が期待できる抗菌薬はどれか。1つ選べ。,シプロフロキサシン,タゾバクタム・ピペラシリン,メロペネム,アミカシン,バンコマイシン,1,,102-64 102-65 104-63 104-66 105-67 106-65 106-66 108-67 109-67 110-65 111-61
110,71,法規・制度・倫理,薬剤師法,13,8,肯定形,,,5,39,薬剤師が2年ごとに厚生労働大臣に届け出なければならない事項はどれか。1つ選べ。,個人番号（マイナンバー）,住所,認定薬剤師の資格,薬剤師国家試験合格の年,再教育研修の受講の有無,2,,102-72 102-73 102-75 104-74 105-79 106-72 106-73 107-71 107-72 107-78 108-71 109-73
110,72,法規・制度・倫理,薬機法・医薬品の分類,18,9,肯定形,,,5,73,医薬品医療機器等法において、「薬局医薬品」とは、「要指導医薬品及び A 以外の医薬品をいう。」となっている。A にあてはまるのはどれか。1つ選べ。,医療用医薬品,処方箋医薬品,一般用医薬品,体外診断用医薬品,薬局製造販売医薬品,3,,103-73 103-74 103-80 104-76 104-78 105-75 105-78 105-80 106-80 107-77 108-76 109-74 109-75 110-73 110-75 111-71 111-75
110,73,法規・制度・倫理,薬機法・医薬品の分類,18,9,否定形,,○,5,52,医薬品の製造販売承認申請のための一般毒性試験を実施する際に、遵守しなければならないのはどれか。1つ選べ。,GCP,GLP,GMP,GQP,GVP,2,,103-73 103-74 103-80 104-76 104-78 105-75 105-78 105-80 106-80 107-77 108-76 109-74 109-75 110-72 110-75 111-71 111-75
110,74,法規・制度・倫理,毒薬・劇薬・毒物劇物,5,5,肯定形,,,5,64,毒物劇物営業者が行う劇物の容器及び被包への表示について、「医薬用外」の文字に加えて表示する内容として正しいのはどれか。1つ選べ。,白地に赤色をもって「劇」の文字,白地に黒色をもって「劇」の文字,白地に赤色をもって「劇物」の文字,赤地に白色をもって「劇物」の文字,白地に黒色をもって「劇物」の文字,3,,103-79 104-73 105-72 107-75
110,75,法規・制度・倫理,薬機法・医薬品の分類,18,9,肯定形,,○,5,139,医薬品副作用被害救済制度の概要を示した下図において、健康被害者が給付を請求する先の Ａ として正しいのはどれか。1つ選べ。厚生労働大臣 ③諮問 ④答申薬事審議会＊ ＊（旧）薬事・食品衛生審議会 ②判定の申し出 ⑤判定結果の通知健康被害者（本人または遺族） ①給付請求 ⑥給付 Ａ,主治医,都道府県知事,製造販売業者,社会保険診療報酬支払基金,独立行政法人医薬品医療機器総合機構（PMDA）,5,,103-73 103-74 103-80 104-76 104-78 105-75 105-78 105-80 106-80 107-77 108-76 109-74 109-75 110-72 110-73 111-71 111-75
110,76,法規・制度・倫理,医療法・医療提供体制,7,7,肯定形,,,5,21,評価療養の対象となるのはどれか。1つ選べ。,出産に係る診療,医薬品の治験に係る診療,特別の療養環境（差額ベッド）,予約診療,紹介状なしでの特定機能病院の初診,2,,102-74 103-72 104-77 105-76 107-80 111-74
110,77,法規・制度・倫理,医療保険・介護保険,14,8,肯定形,,,5,49,介護保険法において、第2号被保険者が要介護認定を受けられる特定疾病に該当するのはどれか。1つ選べ。,関節リウマチ,結核,C 型肝炎,高血圧症,脂質異常症,1,,102-76 102-78 104-71 105-73 106-78 106-79 108-73 108-77 108-78 109-79 111-72 111-78 111-79
110,78,法規・制度・倫理,倫理・臨床研究,9,8,肯定形,,,5,59,世界医師会総会にて採択された、ヒポクラテスの誓いを現代化したものであるジュネーブ宣言の根幹となるのはどれか。1つ選べ。,患者の権利,生命倫理の4原則,医師の遵守すべき倫理,非人道的な人体実験の実施条件,人を対象とした医学研究の倫理的原則,3,,102-79 103-77 103-78 104-79 106-71 107-79 108-79 109-72
110,79,法規・制度・倫理,安全対策・救済制度,3,3,肯定形,,,5,64,汚染されたヒト乾燥硬膜の使用により感染した疾患であって、生物由来製品感染等被害救済制度の創設の契機となったのはどれか。1つ選べ。,成人 T 細胞白血病,クロイツフェルト・ヤコブ病,トキソプラズマ症,大腿四頭筋短縮症,後天性免疫不全症候群,2,,105-74 111-76
110,80,法規・制度・倫理,コミュニケーション・患者中心の医療,7,6,肯定形,,,5,48,コミュニケーションを円滑にするため取り入れる傾聴の技能や態度として、適切なのはどれか。1つ選べ。,ブロッキング,ミラーリング,エンコーディング,パターナリズム,デコーディング,2,,102-80 104-80 108-80 109-71 109-80 111-80
110,81,実務,在宅・地域・セルフメディケーション,10,7,肯定形,,,5,47,以下の成分を含む一般用医薬品を使用した場合に、出血傾向に最も注意が必要なのはどれか。1つ選べ。,センノシド,ロぺラミド塩酸塩,ミノキシジル,フェキソフェナジン塩酸塩,イコサペント酸エチル,5,,102-89 103-87 105-90 107-89 108-87 109-83 109-86 110-84 110-85
110,82,実務,服薬タイミング・投与計画,6,4,肯定形,,,5,22,通常、食前に服用する薬剤はどれか。1つ選べ。,セレコキシブ錠,イマチニブメシル酸塩錠,メナテトレノンカプセル,エパルレスタット錠,イトラコナゾールカプセル,4,,104-81 104-85 104-87 105-82 111-89
110,83,実務,服薬指導・製剤の取扱い,12,9,肯定形,,,5,57,居宅療養管理指導をしている患者のケアプラン作成において、薬剤師が情報提供しなければならない職種はどれか。1つ選べ。,介護福祉士,介護支援専門員,生活相談員,社会福祉士,訪問介護員,2,,102-85 103-89 105-88 106-82 106-88 107-87 107-88 108-89 109-81 109-85 111-88
110,84,実務,在宅・地域・セルフメディケーション,10,7,肯定形,,,5,35,災害派遣医療チーム（DMAT）が最も優先すべき活動はどれか。1つ選べ。,広域医療搬送対象患者の選出,心的外傷後ストレス障害（PTSD）の診療,長期的な医療支援,一般用医薬品の販売,被災地の復興支援,1,,102-89 103-87 105-90 107-89 108-87 109-83 109-86 110-81 110-85
110,85,実務,在宅・地域・セルフメディケーション,10,7,肯定形,,,5,41,透析療法を受けている患者への販売を避けるべき一般用医薬品の成分はどれか。1つ選べ。,ロペラミド塩酸塩,テプレノン,乾燥酵母,トリメブチンマレイン酸塩,スクラルファート,5,,102-89 103-87 105-90 107-89 108-87 109-83 109-86 110-81 110-84
110,86,実務,調剤・処方箋,9,7,肯定形,,,5,24,以下のうち、学校薬剤師の職務はどれか。1つ選べ。,保健室内での調剤,救急時の一般用医薬品の販売,ワクチンの投与,校内土壌の放射能汚染検査,薬物乱用防止のための教育,5,,102-83 102-87 104-88 105-87 106-90 108-83 109-84 109-90
110,87,実務,副作用モニタリング・禁忌,8,6,肯定形,,,5,34,周術期の患者において血栓症のリスクが最も高い薬剤はどれか。1つ選べ。,メトホルミン塩酸塩錠,サクビトリルバルサルタンナトリウム水和物錠,ダパグリフロジンプロピレングリコール錠,ドロスピレノン・エチニルエストラジオール錠,セマグルチド錠,4,,103-82 104-90 106-85 106-86 108-84 110-90 111-84
110,88,実務,リスクマネジメント,1,1,肯定形,,,5,84,以下のうち、Common Terminology Criteria for Adverse Events（CTCAE）が用いられる指標として適切なのはどれか。1つ選べ。,医薬品自主回収時の健康危険度,インシデント発生時の患者への影響度分類レベル,医薬品・医療機器等安全性情報の緊急度,医薬品による有害事象の重症度,患者の日常生活における制限の程度,4,,
110,89,実務,医薬品情報・安全性情報,2,2,肯定形,,,5,64,以下のうち、医薬品による副作用が疑われる症例について、医薬関係者が報告する医薬品安全性情報報告書への記載項目はどれか。1つ選べ。,患者の生年月日,患者氏名,副作用の発現期間,家族の副作用歴,被疑薬の製造番号,3,,111-90
110,90,実務,副作用モニタリング・禁忌,8,6,肯定形,,,5,28,腫瘍崩壊症候群の予防に用いられる薬剤はどれか。1つ選べ。,ウルソデオキシコール酸錠,フェブキソスタット錠,メトトレキサート錠,ラモセトロン塩酸塩錠,タクロリムス錠,2,,103-82 104-90 106-85 106-86 108-84 110-87 111-84
111,1,物理,未分類,2,2,肯定形,,○,5,63,水100 mL に、ある有機溶媒100 mL を加えると二液相が形成され、上層が水相となった。この有機溶媒はどれか。1つ選べ。,ジエチルエーテル,1-オクタノール,□-ヘキサン,トルエン,クロロホルム,5,,110-4
111,2,物理,溶液・束一的性質,6,4,肯定形,○,,5,67,イオン強度 □ を求める式として正しいのはどれか。1つ選べ。ただし、□□ はイオン種 □ のモル濃度、□□ はそのイオンの電荷である。,□ ＝ ∑ □□ □□,□ ＝ ∑ □□ 2□□,□ ＝ ∑ □□ □□ ∑ □□ 2□□,□ ＝,□ ＝ ∑ □□ □□,5,,103-2 107-3 107-4 110-3 110-5
111,3,物理,反応速度論,2,2,肯定形,,,,99,ある薬物の分解反応を異なる温度で行い、その反応速度定数 □ の対数（ln □）を縦軸に、絶対温度 □ の逆数（1/□）を横軸にとってプロットした場合、アレニウスの式に従っているのはどれか。1つ選べ。,,,,,,1,,102-5
111,4,物理,機器分析,2,2,肯定形,○,,5,55,吸光度1.0を透過率で表すといくらか。1つ選べ。ただし、吸光度の測定に用いたセルの層長は1.0 cm とする。,1.0％,10％,50％,90％,99％,2,,109-4
111,5,物理,分析の基礎・バリデーション,10,6,肯定形,,,,112,採取した1つの均質な検体から同じように調製した多数の試料を1回ずつ分析し、得られた測定値の分布を、真の値を100.0としてヒストグラムに表した。真度及び精度ともに高いのはどれか。1つ選べ。ただし、分析した試料数は同じである。,,,,,,4,,102-1 103-5 105-1 105-3 105-4 106-2 106-3 108-3 108-5
111,6,化学,酸塩基性・官能基,5,5,肯定形,,,,47,薬物中の塩基性官能基を中和するベシル酸の化学構造（分子形）として、正しいのはどれか。1つ選べ。,,,,,,2,,102-10 103-10 104-7 110-8
111,7,化学,有機反応,6,5,肯定形,,,,34,一酸化窒素はラジカル分子である。そのルイス構造式はどれか。1つ選べ。,,,,,,1,,102-8 105-6 106-7 106-9 109-9
111,8,化学,芳香族・共役系,4,3,肯定形,,,,30,芳香環を除く二重結合が、□ 配置であるのはどれか。1つ選べ。,,,,,,3,,103-8 104-9 111-9
111,9,化学,芳香族・共役系,4,3,否定形,,,,20,芳香族性を示さないのはどれか。1つ選べ。,,,,,,3,,103-8 104-9 111-8
111,10,化学,生薬・天然物,6,6,肯定形,,○,5,31,下図に示した植物由来の化合物が含む部分構造はどれか。1つ選べ。,リグナン,クロモン,フラノクマリン,ジテルペン,アントラキノン,3,,105-10 106-10 107-10 108-8 109-10
111,11,生物,人体の構造と機能,13,8,肯定形,,○,,48,下図は、ヒト男性の泌尿器及び生殖器を含む下腹部の正中矢状断面図である。前立腺はどれか。1つ選べ。,,,,,,4,,102-11 103-11 104-11 104-12 105-11 105-14 108-11 108-12 109-11 109-12 109-14 110-11
111,12,生物,代謝経路,2,2,肯定形,,,5,39,ペントースリン酸回路の中で NADPH を生じる反応の基質はどれか。1つ選べ。,グルコース1-リン酸,グルコース6-リン酸,フルクトース6-リン酸,グリセルアルデヒド3-リン酸,ホスホエノールピルビン酸,2,,107-12
111,13,生物,免疫,8,7,肯定形,,,5,21,一次（中枢）リンパ器官はどれか。1つ選べ。,脾臓,リンパ節,胸腺,□桃,パイエル板,3,,102-15 103-14 104-15 105-15 108-13 108-15 109-15
111,14,生物,微生物,4,4,肯定形,,,5,33,ヒトでは合成されない、真菌に特異的な細胞膜成分はどれか。1つ選べ。,ホスファチジルエタノールアミン,ホスファチジルセリン,スフィンゴミエリン,エルゴステロール,コレステロール,4,,102-14 106-15 107-15
111,15,生物,遺伝子・分子生物学,10,6,肯定形,,,5,41,生物種ごとに1セットとして定義される、すべての核酸上の遺伝情報はどれか。1つ選べ。,エキソン,イントロン,ヒストン,ゲノム,テロメア ― ―,4,,102-13 103-13 104-13 104-14 107-13 107-14 110-13 110-14 110-15
111,16,衛生,感染症・予防接種,10,9,肯定形,,,5,23,疾病の三次予防に該当するのはどれか。1つ選べ。,健常者のがん検診,禁煙教室,在宅機能訓練,献血された血液の抗 HIV 抗体検査,予防接種,3,,102-19 103-19 104-18 105-19 105-20 106-18 108-16 109-17 110-17
111,17,衛生,疫学・EBM,4,3,肯定形,,,5,53,2019〜2023年の5年間の陽性者発見率が最も高い新生児マススクリーニングの対象疾患はどれか。1つ選べ。,先天性甲状腺機能低下症,メープルシロップ尿症,フェニルケトン尿症,ガラクトース血症,先天性副腎過形成症,1,,106-17 106-19 109-16
111,18,衛生,栄養・食事摂取基準,10,7,肯定形,,,,35,欠乏によりウェルニッケ脳症が引き起こされるビタミンはどれか。1つ選べ。,,,,,,2,,103-16 103-23 105-23 106-20 107-16 107-19 108-21 109-19 111-19
111,19,衛生,栄養・食事摂取基準,10,7,肯定形,,,5,66,「日本人の食事摂取基準（2020年版）」において、摂取量を増やすことを目指す栄養素として目標量が設定されているのはどれか。1つ選べ。,ナイアシン,ビオチン,カリウム,ナトリウム,リン,3,,103-16 103-23 105-23 106-20 107-16 107-19 108-21 109-19 111-18
111,20,衛生,未分類,3,3,肯定形,,,5,37,適量の摂取により、冠動脈疾患や心不全の予防に寄与するのはどれか。１つ選べ。,ステアリン酸,ドコサヘキサエン酸,エライジン酸,パルミチン酸,アラキドン酸,2,,102-22 109-21
111,21,衛生,食中毒・食品衛生,19,9,肯定形,,,5,25,スイセンによる食中毒の原因物質はどれか。1つ選べ。,アコニチン,アミグダリン,コルヒチン,チャコニン,リコリン,5,,102-16 102-17 102-18 103-17 103-18 104-16 104-17 105-16 105-18 107-17 107-18 107-20 108-18 108-19 108-20 109-20 110-19 110-20
111,22,衛生,化学物質の毒性・解毒,20,10,肯定形,,,5,47,生体内の活性酸素種を消去する、ヒトのカタラーゼの活性中心を構成する金属元素はどれか。1つ選べ。,モリブデン,亜鉛,銅,セレン,鉄,5,,102-21 103-21 103-22 104-22 104-23 105-17 105-22 105-24 106-21 106-22 107-22 107-23 107-24 108-22 109-22 110-18 110-21 111-23 111-25
111,23,衛生,化学物質の毒性・解毒,20,10,肯定形,,,5,36,ヒドロキソコバラミンを解毒薬として用いる中毒原因物質はどれか。1つ選べ。,モルヒネ,タリウム,鉛,シアン化カリウム,アニリン,4,,102-21 103-21 103-22 104-22 104-23 105-17 105-22 105-24 106-21 106-22 107-22 107-23 107-24 108-22 109-22 110-18 110-21 111-22 111-25
111,24,衛生,環境衛生,22,10,肯定形,,,5,116,オゾン層破壊作用はないが、地球温暖化の抑制を目的としてモントリオール議定書キガリ改正（注）の規制対象となっているのはどれか。1つ選べ。（注）モントリオール議定書キガリ改正：オゾン層を破壊する物質に関するモントリオール議定書キガリ改正,ブロモフルオロカーボン,臭化メチル,クロロフルオロカーボン,ハイドロフルオロカーボン,ハイドロクロロフルオロカーボン,4,,102-24 102-25 103-24 103-25 104-21 104-24 104-25 105-25 106-23 106-24 106-25 107-25 108-17 108-23 108-24 108-25 109-18 109-25 110-23 110-24 110-25
111,25,衛生,化学物質の毒性・解毒,20,10,肯定形,,,5,65,水質汚濁防止法において、健康に係る有害物質についての排水基準の許容濃度として「検出されないこと」となっているのはどれか。1つ選べ。,六価クロム化合物,アルキル水銀化合物,カドミウム及びその化合物,大腸菌,ポリ塩化ビフェニル ― ―,2,,102-21 103-21 103-22 104-22 104-23 105-17 105-22 105-24 106-21 106-22 107-22 107-23 107-24 108-22 109-22 110-18 110-21 111-22 111-23
111,26,薬理,自律神経作用薬,38,10,肯定形,,,5,24,Gi タンパク質共役型受容体はどれか。1つ選べ。,アドレナリン α2受容体,アセチルコリン M3受容体,γ-アミノ酪酸 GABAA 受容体,ヒスタミン H2受容体,インスリン受容体,1,,102-27 102-29 103-26 103-28 103-29 103-30 104-27 104-28 104-33 104-40 105-28 105-29 105-37 106-27 106-28 106-35 106-40 107-26 107-27 107-28 107-29 108-27 108-28 108-34 108-36 108-40 109-26 109-27 109-34 109-35 110-26 110-27 110-28 110-29 110-31 111-33 111-35
111,27,薬理,中枢神経作用薬,25,9,肯定形,,,5,25,リドカインの局所麻酔作用の機序はどれか。1つ選べ。,電位依存性 Na＋チャネルの遮断,電位依存性 Ca2＋チャネルの遮断,電位依存性 K＋チャネルの活性化,ヒスタミン H1受容体の遮断,オピオイド μ 受容体の刺激,1,,102-30 103-27 103-31 103-32 103-33 103-36 104-30 104-32 104-34 105-27 105-30 105-31 105-32 106-29 106-30 106-36 107-30 109-28 110-32 110-36 111-28 111-29 111-30 111-31
111,28,薬理,中枢神経作用薬,25,9,肯定形,,,5,53,γ-アミノ酪酸 GABAA 受容体のベンゾジアゼピン結合部位に結合し、麻酔作用を示すのはどれか。1つ選べ。,デクスメデトミジン,チオペンタール,ドロペリドール,ミダゾラム,ケタミン,4,,102-30 103-27 103-31 103-32 103-33 103-36 104-30 104-32 104-34 105-27 105-30 105-31 105-32 106-29 106-30 106-36 107-30 109-28 110-32 110-36 111-27 111-29 111-30 111-31
111,29,薬理,中枢神経作用薬,25,9,肯定形,,,5,56,セロトニン5-HT2A 受容体を遮断するため、錐体外路症状が最も発現しにくい統合失調症治療薬はどれか。1つ選べ。,ハロペリドール,フルフェナジン,タンドスピロン,リスペリドン,エスシタロプラム,4,,102-30 103-27 103-31 103-32 103-33 103-36 104-30 104-32 104-34 105-27 105-30 105-31 105-32 106-29 106-30 106-36 107-30 109-28 110-32 110-36 111-27 111-28 111-30 111-31
111,30,薬理,中枢神経作用薬,25,9,肯定形,,,5,29,抗てんかん薬レベチラセタムの主な作用点はどれか。1つ選べ。,電位依存性 Na＋チャネル,シナプス小胞タンパク質2A（SV2A）,グルタミン酸 NMDA 受容体,炭酸脱水酵素,γ-アミノ酪酸（GABA）トランスアミナーゼ,2,,102-30 103-27 103-31 103-32 103-33 103-36 104-30 104-32 104-34 105-27 105-30 105-31 105-32 106-29 106-30 106-36 107-30 109-28 110-32 110-36 111-27 111-28 111-29 111-31
111,31,薬理,中枢神経作用薬,25,9,肯定形,,,5,34,延髄の呼吸中枢を直接刺激して、呼吸を促進させるのはどれか。1つ選べ。,チペピジン,オキシメテバノール,レバロルファン,フルマゼニル,ジモルホラミン,5,,102-30 103-27 103-31 103-32 103-33 103-36 104-30 104-32 104-34 105-27 105-30 105-31 105-32 106-29 106-30 106-36 107-30 109-28 110-32 110-36 111-27 111-28 111-29 111-30
111,32,薬理,循環器作用薬,15,9,否定形,,,5,58,電位依存性 Na＋チャネルを遮断する抗不整脈薬のうち、心筋の活動電位持続時間に影響を及ぼさないのはどれか。1つ選べ。,シベンゾリン,ジソピラミド,キニジン,ピルシカイニド,メキシレチン,4,,102-28 102-31 102-32 103-34 103-35 104-31 106-33 107-33 107-35 108-31 108-32 109-31 109-33 110-34
111,33,薬理,自律神経作用薬,38,10,肯定形,,,5,49,活性代謝物がアドレナリン α1受容体を刺激することで、起立性低血圧を改善するのはどれか。1つ選べ。,ドブタミン,ミルリノン,ミドドリン,アメジニウム,ブクラデシン,3,,102-27 102-29 103-26 103-28 103-29 103-30 104-27 104-28 104-33 104-40 105-28 105-29 105-37 106-27 106-28 106-35 106-40 107-26 107-27 107-28 107-29 108-27 108-28 108-34 108-36 108-40 109-26 109-27 109-34 109-35 110-26 110-27 110-28 110-29 110-31 111-26 111-35
111,34,薬理,血液・造血薬,5,5,肯定形,,,5,39,ADP P2Y12受容体を遮断して、血小板凝集を抑制するのはどれか。1つ選べ。,ジピリダモール,オザグレル,ベラプロスト,プラスグレル,サルポグレラート,4,,102-37 104-36 108-33 110-35
111,35,薬理,自律神経作用薬,38,10,肯定形,,,5,43,切迫流・早産の治療に用いられる選択的アドレナリン β2受容体刺激薬はどれか。1つ選べ。,ピペリドレート,ジノプロスト,リトドリン,オキシトシン,レボノルゲストレル,3,,102-27 102-29 103-26 103-28 103-29 103-30 104-27 104-28 104-33 104-40 105-28 105-29 105-37 106-27 106-28 106-35 106-40 107-26 107-27 107-28 107-29 108-27 108-28 108-34 108-36 108-40 109-26 109-27 109-34 109-35 110-26 110-27 110-28 110-29 110-31 111-26 111-33
111,36,薬理,呼吸器・消化器薬,5,4,肯定形,,,5,53,胆汁酸トランスポーターを阻害し、大腸管腔内の胆汁酸量を増加させることで便秘を改善するのはどれか。1つ選べ。,ルビプロストン,リナクロチド,エロビキシバット,トリメブチン,ラモセトロン,3,,105-35 107-36 107-37 108-35
111,37,薬理,内分泌・代謝薬,24,9,肯定形,,,5,73,プロタンパク質転換酵素サブチリシン/ケキシン9型（PCSK9）を阻害することで、LDL 受容体の分解を抑制する脂質異常症治療薬はどれか。1つ選べ。,ベザフィブラート,エゼチミブ,エボロクマブ,アトルバスタチン,ロミタピド,3,,102-33 102-35 102-36 103-37 103-38 103-39 105-36 105-38 106-31 106-32 106-34 106-37 107-32 107-38 107-39 108-37 108-38 108-39 109-36 109-37 110-37 111-38 111-40
111,38,薬理,内分泌・代謝薬,24,9,肯定形,,,5,49,甲状腺ペルオキシダーゼを直接阻害することで、甲状腺ホルモンの生合成を抑制するのはどれか。1つ選べ。,プロチレリン,リオチロニン,レボチロキシン,プロピルチオウラシル,ヒトチロトロピンアルファ,4,,102-33 102-35 102-36 103-37 103-38 103-39 105-36 105-38 106-31 106-32 106-34 106-37 107-32 107-38 107-39 108-37 108-38 108-39 109-36 109-37 110-37 111-37 111-40
111,39,薬理,抗菌・抗ウイルス・抗真菌薬,5,5,肯定形,,,5,63,感染細胞内でリン酸化されて活性体となりウイルス DNA ポリメラーゼを阻害して、ウイルスの増殖を抑制するのはどれか。1つ選べ。,アシクロビル,ラルテグラビル,レジパスビル,アマンタジン,ソホスブビル,1,,102-39 104-39 109-39 110-39
111,40,薬理,内分泌・代謝薬,24,9,肯定形,,,5,45,アロマターゼを阻害することで、エストロゲン生合成を抑制する乳がん治療薬はどれか。1つ選べ。,フルベストラント,アナストロゾール,タモキシフェン,ゴセレリン,ラパチニブ ― ―,2,,102-33 102-35 102-36 103-37 103-38 103-39 105-36 105-38 106-31 106-32 106-34 106-37 107-32 107-38 107-39 108-37 108-38 108-39 109-36 109-37 110-37 111-37 111-38
111,41,薬剤,吸収・膜透過,28,10,肯定形,,,5,48,以下の構造式で示される薬物の脳内への移行に、主として関与するトランスポーターはどれか。1つ選べ。,P-糖タンパク質,有機カチオントランスポーター OCT2,有機アニオントランスポーター OAT3,中性アミノ酸トランスポーター LAT1,グルコーストランスポーター GLUT1,4,,102-42 102-54 103-41 103-42 103-55 104-42 105-41 105-52 105-54 106-41 106-42 106-48 107-41 107-42 107-51 107-55 108-41 108-42 108-54 108-55 109-41 109-42 109-51 110-42 110-54 111-42 111-52
111,42,薬剤,吸収・膜透過,28,10,肯定形,,,5,31,肝初回通過効果の影響を最も大きく受ける剤形はどれか。1つ選べ。,坐剤,点鼻剤,吸入剤,舌下錠,口腔内崩壊錠,5,,102-42 102-54 103-41 103-42 103-55 104-42 105-41 105-52 105-54 106-41 106-42 106-48 107-41 107-42 107-51 107-55 108-41 108-42 108-54 108-55 109-41 109-42 109-51 110-42 110-54 111-41 111-52
111,43,薬剤,薬物動態パラメータ・計算,26,10,肯定形,,,5,31,限外ろ過法を用いて算出される薬物パラメータはどれか。1つ選べ。,油/水分配係数,酸塩基解離定数,血球移行率,血漿タンパク結合率,全身クリアランス,4,,102-44 102-45 102-46 102-47 102-48 103-43 103-46 103-47 104-41 104-46 104-47 105-45 105-46 105-47 106-43 106-46 106-47 107-45 108-46 109-46 110-46 110-47 110-48 111-45 111-46
111,44,薬剤,代謝,14,10,肯定形,,,5,39,薬物代謝酵素シトクロム P450が局在する主な細胞内小器官はどれか。1つ選べ。,エンドソーム,ゴルジ体,リソソーム,核,小胞体,5,,102-43 103-44 103-45 104-44 104-55 105-43 105-44 106-44 107-44 108-44 108-47 109-44 110-44
111,45,薬剤,薬物動態パラメータ・計算,26,10,肯定形,,,5,118,イヌリンを点滴静注するとき、定常状態における血漿中イヌリン濃度（□p）、糸球体ろ過された直後の尿（原尿）に含まれるイヌリンの濃度（□原尿）及び排泄される尿に含まれるイヌリンの濃度（□尿）の関係を最も適切に表しているのはどれか。1つ選べ。,□p ≒ □原尿 ≒ □尿,□p ≒ □原尿 ＞ □尿,□p ≒ □原尿 ＜ □尿,□p ＞ □原尿 ＞ □尿,□p ＜ □原尿 ＜ □尿,3,,102-44 102-45 102-46 102-47 102-48 103-43 103-46 103-47 104-41 104-46 104-47 105-45 105-46 105-47 106-43 106-46 106-47 107-45 108-46 109-46 110-46 110-47 110-48 111-43 111-46
111,46,薬剤,薬物動態パラメータ・計算,26,10,肯定形,,○,,155,体内動態が線形1-コンパートメントモデルに従い、消失半減期が6時間の薬物を、6時間間隔で繰り返し急速静脈内投与するとき、初回投与時の最高血中薬物濃度（1回目投与直後）の1.75倍の血中薬物濃度になるのはいつか。1つ選べ。1 2回目投与直後2 3回目投与直前3 3回目投与直後4 4回目投与直前5 4回目投与直後,,,,,,3,,102-44 102-45 102-46 102-47 102-48 103-43 103-46 103-47 104-41 104-46 104-47 105-45 105-46 105-47 106-43 106-46 106-47 107-45 108-46 109-46 110-46 110-47 110-48 111-43 111-45
111,47,薬剤,相互作用・TDM,5,5,肯定形,,,5,47,TDM の実施が望ましい薬物のうち、臨床用量で体内動態が非線形性を示す薬物はどれか。1つ選べ。,カルバマゼピン,ジゴキシン,バンコマイシン,フェニトイン,フェノバルビタール,4,,104-48 107-47 108-48 109-47
111,48,薬剤,製剤材料の物性,35,10,肯定形,,○,,46,下図は、ある結晶多形を有する薬物の粉末 X 線回折パターンである。非晶質はどれか。1つ選べ。,,,,,,5,,102-50 102-51 102-52 102-53 103-48 103-49 103-51 103-54 104-50 104-51 104-53 104-54 105-48 105-50 106-49 106-50 106-52 107-48 107-49 108-49 108-50 108-52 108-53 109-49 109-50 109-52 109-53 110-49 110-50 110-51 110-52 111-49 111-50 111-51
111,49,薬剤,製剤材料の物性,35,10,肯定形,,,5,18,親油性の抗酸化剤はどれか。1つ選べ。,アスコルビン酸,亜硫酸水素ナトリウム,エデト酸（EDTA）ナトリウム,チオ硫酸ナトリウム,α-トコフェロール,5,,102-50 102-51 102-52 102-53 103-48 103-49 103-51 103-54 104-50 104-51 104-53 104-54 105-48 105-50 106-49 106-50 106-52 107-48 107-49 108-49 108-50 108-52 108-53 109-49 109-50 109-52 109-53 110-49 110-50 110-51 110-52 111-48 111-50 111-51
111,50,薬剤,製剤材料の物性,35,10,肯定形,,,5,58,医薬品の原薬を微粉砕することによって増大するのはどれか。1つ選べ。ただし、粉砕による二次粒子の形成はないものとする。,流動性,充てん性,溶解性,安定性,結晶性,3,,102-50 102-51 102-52 102-53 103-48 103-49 103-51 103-54 104-50 104-51 104-53 104-54 105-48 105-50 106-49 106-50 106-52 107-48 107-49 108-49 108-50 108-52 108-53 109-49 109-50 109-52 109-53 110-49 110-50 110-51 110-52 111-48 111-49 111-51
111,51,薬剤,製剤材料の物性,35,10,肯定形,,,5,15,油脂性基剤はどれか。1つ選べ。,流動パラフィン,親水クリーム,加水ラノリン,マクロゴール軟膏,親水ワセリン,1,,102-50 102-51 102-52 102-53 103-48 103-49 103-51 103-54 104-50 104-51 104-53 104-54 105-48 105-50 106-49 106-50 106-52 107-48 107-49 108-49 108-50 108-52 108-53 109-49 109-50 109-52 109-53 110-49 110-50 110-51 110-52 111-48 111-49 111-50
111,52,薬剤,吸収・膜透過,28,10,肯定形,,,5,59,日本薬局方製剤総則に規定されている製剤のうち、固形製剤、液状製剤及びエアゾール製剤が含まれているのはどれか。1つ選べ。,経口投与する製剤,注射により投与する製剤,気管支・肺に適用する製剤,直腸に適用する製剤,鼻に適用する製剤,3,,102-42 102-54 103-41 103-42 103-55 104-42 105-41 105-52 105-54 106-41 106-42 106-48 107-41 107-42 107-51 107-55 108-41 108-42 108-54 108-55 109-41 109-42 109-51 110-42 110-54 111-41 111-42
111,53,薬剤,製剤各論・製剤総則,13,8,肯定形,,○,5,41,日本薬局方の製剤に関する一般試験法のうち、下図の装置を用いるのはどれか。1つ選べ。,製剤均一性試験法,展延性試験法,比表面積測定法,崩壊試験法,粘着力試験法,5,,102-55 103-50 103-52 103-53 104-49 104-52 105-53 106-53 106-54 107-52 107-53 109-54
111,54,薬剤,DDS・放出制御,7,5,肯定形,,,,38,テオフィリン徐放性製剤に代表されるスパスタブ型製剤の構造はどれか。１つ選べ。,,,,,,1,,102-49 106-55 109-55 110-53 110-55 111-55
111,55,薬剤,DDS・放出制御,7,5,肯定形,,,5,36,受動的ターゲティングを目的に臨床で用いられている製剤はどれか。1つ選べ。,自己乳化型マイクロエマルション製剤,マイクロニードル製剤,シクロデキストリン包接体製剤,ポリエチレングリコール修飾リポソーム製剤,生分解性高分子マイクロカプセル型製剤 ― ―,4,,102-49 106-55 109-55 110-53 110-55 111-54
111,56,病態・薬物治療,代謝・内分泌疾患,15,7,肯定形,,,5,47,2型糖尿病を合併している統合失調症患者に対して、使用できる統合失調症治療薬はどれか。1つ選べ。,セルトラリン塩酸塩,オランザピン,クロミプラミン塩酸塩,ミルナシプラン塩酸塩,ルラシドン塩酸塩,5,,102-59 103-59 103-63 103-65 106-60 107-65 109-58 109-62 109-64 109-65 110-62 110-63 111-62 111-63
111,57,病態・薬物治療,副作用・薬剤性疾患,18,9,肯定形,,,5,44,アンジオテンシン変換酵素（ACE）阻害薬を服用中の患者に投与禁忌なのはどれか。1つ選べ。,アゾセミド,イバブラジン,カルベジロール,サクビトリルバルサルタン,ダパグリフロジン,4,,103-68 103-70 104-58 105-58 106-56 106-68 107-57 108-58 108-60 108-65 108-66 108-69 109-59 109-61 110-57 110-58 111-65
111,58,病態・薬物治療,循環器疾患,14,6,肯定形,,,5,33,心収縮期に左室から左房へ血液の逆流が生じる病態はどれか。1つ選べ。,僧帽弁閉鎖不全症,僧帽弁狭窄症,大動脈弁閉鎖不全症,大動脈弁狭窄症,三尖弁閉鎖不全症,1,,102-57 102-60 102-69 104-60 105-56 105-63 108-59 108-61 108-63 108-68 110-56 110-59 111-68
111,59,病態・薬物治療,検査値・臨床検査,7,5,肯定形,,,5,20,血友病の臨床検査所見はどれか。1つ選べ。,赤血球数増加,血小板数増加,出血時間短縮,プロトロンビン時間（PT）延長,活性化部分トロンボプラスチン時間（APTT）延長,5,,103-57 103-58 106-57 107-64 107-70 110-66
111,60,病態・薬物治療,腎・泌尿器疾患,5,5,肯定形,,,5,32,A 群 β 溶連菌感染に続発することが多いのはどれか。1つ選べ。,急性腎炎症候群,急速進行性腎炎症候群,慢性腎炎症候群,反復性/持続性血尿症候群,ネフローゼ症候群,1,,103-69 104-56 106-62 109-63
111,61,病態・薬物治療,感染症,12,8,肯定形,,,5,73,クロストリディオイデス・ディフィシル（□□□□□□□□□□□□□□□□□□□□□□□□）による偽膜性大腸炎の治療に用いられるのはどれか。1つ選べ。,クラリスロマイシン,レボフロキサシン,アモキシシリン,メトロニダゾール,ミノサイクリン,4,,102-64 102-65 104-63 104-66 105-67 106-65 106-66 108-67 109-67 110-65 110-70
111,62,病態・薬物治療,代謝・内分泌疾患,15,7,肯定形,,,5,36,糖尿病合併妊娠において血糖コントロールに用いられるのはどれか。1つ選べ。,スルホニル尿素薬,チアゾリジン薬,ビグアナイド薬,グリニド薬,インスリン製剤,5,,102-59 103-59 103-63 103-65 106-60 107-65 109-58 109-62 109-64 109-65 110-62 110-63 111-56 111-63
111,63,病態・薬物治療,代謝・内分泌疾患,15,7,肯定形,,,5,30,クッシング症候群の症状として認められるのはどれか。1つ選べ。,野牛肩,低血圧,低血糖,皮膚肥厚,発汗低下,1,,102-59 103-59 103-63 103-65 106-60 107-65 109-58 109-62 109-64 109-65 110-62 110-63 111-56 111-62
111,64,病態・薬物治療,産婦人科・小児・皮膚眼科ほか,6,6,肯定形,,,5,26,加齢黄斑変性の治療に用いられるのはどれか。1つ選べ。,リパスジル,ピレノキシン,ビマトプロスト,アフリベルセプト,アセタゾラミド,4,,102-70 105-60 107-63 109-66 110-64
111,65,病態・薬物治療,副作用・薬剤性疾患,18,9,肯定形,,,5,33,腸管出血性大腸菌感染症の重篤化と関連性が高いのはどれか。1つ選べ。,トキシックショック症候群,溶血性尿毒症症候群,過敏性腸症候群,抗リン脂質抗体症候群,悪性症候群,2,,103-68 103-70 104-58 105-58 106-56 106-68 107-57 108-58 108-60 108-65 108-66 108-69 109-59 109-61 110-57 110-58 111-57
111,66,病態・薬物治療,免疫・膠原病・血液疾患,8,8,肯定形,,,5,42,フィラデルフィア染色体陽性急性リンパ性白血病の治療に用いられるのはどれか。1つ選べ。,ゲフィチニブ,クリゾチニブ,ダサチニブ,セリチニブ,ルキソリチニブ,3,,102-58 103-64 105-65 106-61 107-56 108-57 109-60
111,67,病態・薬物治療,がん,13,9,肯定形,,,5,25,前立腺がんの治療に用いられるのはどれか。1つ選べ。,ナフトピジル,ダナゾール,デガレリクス,レトロゾール,タダラフィル,3,,102-56 102-63 102-66 103-56 104-59 104-65 105-57 105-59 106-67 107-67 108-56 110-68
111,68,病態・薬物治療,循環器疾患,14,6,肯定形,,,5,45,血管拡張作用、利尿作用等により急性心不全の症状を改善する組換え体医薬品はどれか。1つ選べ。,インターフェロンベータ,カルペリチド,コルホルシンダロパート,トルバプタン,フォンダパリヌクス,2,,102-57 102-60 102-69 104-60 105-56 105-63 108-59 108-61 108-63 108-68 110-56 110-59 111-58
111,69,病態・薬物治療,臨床統計・研究デザイン,8,7,肯定形,,,5,30,症例対照研究で算出することができる統計値はどれか。1つ選べ。,絶対リスク減少率,オッズ比,発症割合,寄与危険度,相対リスク,2,,102-68 103-67 105-68 105-69 106-70 108-70 109-69
111,70,病態・薬物治療,医薬品情報・EBM,11,7,肯定形,,,5,64,ペムブロリズマブを投与する際に、コンパニオン診断薬によって検査する遺伝子変異あるいはタンパク質として正しいのはどれか。1つ選べ。,□□□□□□□ 遺伝子変異,□□□□ 遺伝子変異,□□□□□□□□□ 遺伝子変異,HER2タンパク質,PD-L1タンパク質 ― ―,5,,102-67 103-66 104-67 104-68 104-70 107-68 107-69 109-68 109-70 110-69
111,71,法規・制度・倫理,薬機法・医薬品の分類,18,9,肯定形,,,5,39,医薬品医療機器等法で薬剤師でなければならないとされているのはどれか。1つ選べ。,薬局の管理者,薬局の開設者,医薬品製造販売業者の安全管理責任者,医薬品製造販売業者の品質保証責任者,医薬品製造販売業者の医薬情報担当者,1,,103-73 103-74 103-80 104-76 104-78 105-75 105-78 105-80 106-80 107-77 108-76 109-74 109-75 110-72 110-73 110-75 111-75
111,72,法規・制度・倫理,医療保険・介護保険,14,8,肯定形,,,5,118,以下は薬剤師綱領（昭和48年10月制定）の文章である。に入る語句として正しいのはどれか。1つ選べ。「薬剤師は国から付託された資格に基づき、医薬品の製造、調剤、供給において、その固有の任務を遂行することにより、に資することを本領とする。」,薬局数の増加,医薬品生産の拡大,医療費の抑制,医療水準の向上,薬剤師中心の医療の推進,4,,102-76 102-78 104-71 105-73 106-78 106-79 108-73 108-77 108-78 109-79 110-77 111-78 111-79
111,73,法規・制度・倫理,薬学史・薬害,6,5,肯定形,,,5,70,亜急性脊髄視神経症（subacute myelo-optico-neuropathy）を生じて、薬害の原因となった医薬品はどれか。1つ選べ。,サリドマイド,クロロキン,キノホルム,ソリブジン,ペニシリン,3,,102-77 103-75 107-74 108-72 108-75
111,74,法規・制度・倫理,医療法・医療提供体制,7,7,肯定形,,,5,117,以下は医療法の条文である。に入る語句として正しいのはどれか。1つ選べ。医療法第1条の4第2項「医師、歯科医師、薬剤師、看護師その他の医療の担い手は、医療を提供するに当たり、適切な説明を行い、医療を受ける者のよう努めなければならない。」,理解を得る,意見に従う,意識を高める,負担を少なくする,不安を軽減する,1,,102-74 103-72 104-77 105-76 107-80 110-76
111,75,法規・制度・倫理,薬機法・医薬品の分類,18,9,肯定形,,,5,33,日本薬局方の医薬品各条の中に記載されている項目はどれか。1つ選べ。,用法・用量,効能・効果,副作用,性状,相互作用,4,,103-73 103-74 103-80 104-76 104-78 105-75 105-78 105-80 106-80 107-77 108-76 109-74 109-75 110-72 110-73 110-75 111-71
111,76,法規・制度・倫理,安全対策・救済制度,3,3,否定形,,,5,70,医療機関において特定生物由来製品を患者に投与した際に、特定生物由来製品取扱医療関係者による記録が必要な項目に該当しないのはどれか。1つ選べ。,患者の氏名,製品の名称,製品の製造番号又は製造記号,投与した年月日,製品を購入した卸売販売業者の名称,5,,105-74 110-79
111,77,法規・制度・倫理,麻薬・向精神薬・覚醒剤,9,6,肯定形,,,5,34,麻薬及び向精神薬取締法で規制される第一種向精神薬はどれか。1つ選べ。,フェンタニル,ジアゼパム,セレギリン,メタンフェタミン,メチルフェニデート,5,,104-75 105-71 105-77 106-75 106-76 106-77 107-76 109-77
111,78,法規・制度・倫理,医療保険・介護保険,14,8,肯定形,,○,5,69,図は、医薬品供給の流れの一例を示している。薬価改定の基礎資料である市場実勢価格を調べるための調査の対象となる主たる取引はどれか。1つ選べ。,Ａ,Ｂ,Ｃ,Ｄ,Ｅ,3,,102-76 102-78 104-71 105-73 106-78 106-79 108-73 108-77 108-78 109-79 110-77 111-72 111-79
111,79,法規・制度・倫理,医療保険・介護保険,14,8,肯定形,○,,5,57,表は、財源別国民医療費の構成割合を示している。近年（2018〜2021年度）の Ａに最も近いのはどれか。1つ選べ。,5％,10％,40％,70％,90％財源総数公費保険料その他（患者負担等）構成割合100％ Ａ Ｂ Ｃ,3,,102-76 102-78 104-71 105-73 106-78 106-79 108-73 108-77 108-78 109-79 110-77 111-72 111-78
111,80,法規・制度・倫理,コミュニケーション・患者中心の医療,7,6,肯定形,○,,5,52,医療コミュニケーションにおいて求められる「互いに信頼感で結ばれている関係」を示す言葉はどれか。1つ選べ。,レディネス,ラポール,エンパワメント,ナラティブ,コンプライアンス ― ―,2,,102-80 104-80 108-80 109-71 109-80 110-80
111,81,実務,注射・無菌調製・配合変化,11,6,肯定形,,,5,32,安全キャビネット内での調製が最も推奨されるのはどれか。1つ選べ。,ファモチジン注射液,パクリタキセル注射液,ノルアドレナリン注射液,フェンタニルクエン酸塩注射液,注射用ドリペネム,2,,103-81 103-85 103-90 104-83 107-84 107-85 108-82 108-85 109-82 111-83
111,82,実務,ドーピング,2,2,肯定形,,,5,37,世界アンチ・ドーピング規程において、禁止されている成分はどれか。１つ選べ。,カフェイン,ストリキニーネ,サリチルアミド,デキストロメトルファン臭化水素酸塩水和物,グアイフェネシン,2,,107-90
111,83,実務,注射・無菌調製・配合変化,11,6,肯定形,,,5,47,医療安全の観点から、一般病棟や外来処置室での常備を避けることが望ましい薬剤はどれか。1つ選べ。,リドカイン塩酸塩静脈内注射用,％2アドレナリン注射液0.1％,□-クロルフェニラミンマレイン酸塩注射液0.5％,L-アスパラギン酸カリウム注射液10 mEq/10 mL,アトロピン硫酸塩注射液0.05％,4,,103-81 103-85 103-90 104-83 107-84 107-85 108-82 108-85 109-82 111-81
111,84,実務,副作用モニタリング・禁忌,8,6,肯定形,,,5,40,注意事項等情報（添付文書）上、手術前後の患者に対して禁忌なのはどれか。1つ選べ。,アミオダロン,ダパグリフロジン,ニフェジピン,バルプロ酸,レボチロキシン,2,,103-82 104-90 106-85 106-86 108-84 110-87 110-90
111,85,実務,治験・臨床研究の実務,5,5,肯定形,,,5,78,人生の最終段階の医療・ケアについて、健康状態が良好なうちから、本人が家族や医療・ケアチームと繰り返し話し合い、共有する取組みを意味するのはどれか。1つ選べ。,グリーフケア,リビング・ウィル,インフォームド・コンセント,ファーマシューティカルケア,アドバンス・ケア・プランニング,5,,102-81 103-83 104-82 107-81
111,86,実務,中毒・救急,2,2,肯定形,,,5,34,成人に対する胸骨圧迫において、最も適切な圧迫部位はどれか。1つ選べ。,①,②,③,④,⑤,2,,106-83
111,87,実務,消毒・感染対策,9,8,肯定形,,,5,80,最初に広域スペクトラムを有する抗菌薬を投与し、血液培養検査と薬剤感受性試験の結果を確認後、より狭いスペクトラムの抗菌薬に変更する治療プロセスはどれか。1つ選べ。,エンピリック,ディフィニティブ,デ・エスカレーション,デブリードマン,テーパリング,3,,102-86 103-88 104-84 105-85 107-86 108-86 108-88 109-88
111,88,実務,服薬指導・製剤の取扱い,12,9,肯定形,,,5,76,服薬指導時に、頻繁に薬がのどに引っかかることを患者から聴取した。嚥下機能の評価のために、薬剤師が連携すべき職種として最も適しているのはどれか。1つ選べ。,言語聴覚士,歯科技工士,臨床工学技士,ソーシャルワーカー,管理栄養士,1,,102-85 103-89 105-88 106-82 106-88 107-87 107-88 108-89 109-81 109-85 110-83
111,89,実務,服薬タイミング・投与計画,6,4,肯定形,,,5,26,クリニカルパスにおけるバリアンスはどれか。1つ選べ。,治療計画からの治療方針の逸脱,投与計画の不備,アウトカムが達成されない状態,薬剤師による薬物治療への介入,患者からのクレーム,3,,104-81 104-85 104-87 105-82 110-82
111,90,実務,医薬品情報・安全性情報,2,2,肯定形,,,5,73,医薬品について、緊急に安全対策上の措置をとる必要があると判断された場合、厚生労働省からの指示に基づき、製造販売業者が作成するのはどれか。1つ選べ。,医薬品リスク管理計画,緊急安全性情報,医薬品安全対策情報,医薬品・医療機器等安全性情報,医療用医薬品最新品質情報集,2,,110-89
